-- MariaDB dump 10.19  Distrib 10.6.7-MariaDB, for debian-linux-gnu (x86_64)
--
-- Database: brewer
-- ------------------------------------------------------
-- Server version	10.7.4-MariaDB

/*!40101 SET @OLD_CHARACTER_SET_CLIENT=@@CHARACTER_SET_CLIENT */;
/*!40101 SET @OLD_CHARACTER_SET_RESULTS=@@CHARACTER_SET_RESULTS */;
/*!40101 SET @OLD_COLLATION_CONNECTION=@@COLLATION_CONNECTION */;
/*!40101 SET NAMES utf8mb4 */;
/*!40103 SET @OLD_TIME_ZONE=@@TIME_ZONE */;
/*!40103 SET TIME_ZONE='+00:00' */;
/*!40014 SET @OLD_UNIQUE_CHECKS=@@UNIQUE_CHECKS, UNIQUE_CHECKS=0 */;
/*!40014 SET @OLD_FOREIGN_KEY_CHECKS=@@FOREIGN_KEY_CHECKS, FOREIGN_KEY_CHECKS=0 */;
/*!40101 SET @OLD_SQL_MODE=@@SQL_MODE, SQL_MODE='NO_AUTO_VALUE_ON_ZERO' */;
/*!40111 SET @OLD_SQL_NOTES=@@SQL_NOTES, SQL_NOTES=0 */;

--
-- Table structure for table `beers`
--

DROP TABLE IF EXISTS `beers`;
/*!40101 SET @saved_cs_client     = @@character_set_client */;
/*!40101 SET character_set_client = utf8 */;
CREATE TABLE `beers` (
  `id` int(11) NOT NULL AUTO_INCREMENT,
  `name` varchar(100) COLLATE utf16_unicode_ci NOT NULL,
  `tagline` char(255) COLLATE utf16_unicode_ci DEFAULT NULL,
  `first_brewed_old` varchar(8) COLLATE utf16_unicode_ci DEFAULT NULL,
  `description` varchar(1000) COLLATE utf16_unicode_ci NOT NULL,
  `image_url` varchar(1000) COLLATE utf16_unicode_ci DEFAULT NULL,
  `abv` float DEFAULT NULL,
  `ibu` float DEFAULT NULL,
  `target_fg` float DEFAULT NULL,
  `target_og` float DEFAULT NULL,
  `ebc` float DEFAULT NULL,
  `srm` float DEFAULT NULL,
  `ph` float DEFAULT NULL,
  `attenuation_level` float DEFAULT NULL,
  `volume` int(11) NOT NULL,
  `boil_volume` int(11) NOT NULL,
  `fermentation_temperature` int(11) DEFAULT NULL,
  `twist` varchar(1000) COLLATE utf16_unicode_ci DEFAULT NULL,
  `brewers_tips` varchar(1000) COLLATE utf16_unicode_ci DEFAULT NULL,
  `contributed_by` varchar(255) COLLATE utf16_unicode_ci DEFAULT NULL,
  `yeast_id` int(11) DEFAULT NULL,
  `first_brewed` date NOT NULL,
  PRIMARY KEY (`id`),
  KEY `beers_name_index` (`name`),
  KEY `beers_yeast_id_index` (`yeast_id`),
  CONSTRAINT `beer_yeast_fk` FOREIGN KEY (`yeast_id`) REFERENCES `yeasts` (`id`) ON DELETE NO ACTION ON UPDATE NO ACTION
) ENGINE=InnoDB AUTO_INCREMENT=327 DEFAULT CHARSET=utf16 COLLATE=utf16_unicode_ci;
/*!40101 SET character_set_client = @saved_cs_client */;

--
-- Dumping data for table `beers`
--

LOCK TABLES `beers` WRITE;
/*!40000 ALTER TABLE `beers` DISABLE KEYS */;
INSERT INTO `beers` VALUES (1,'Buzz','A Real Bitter Experience.','09/2007','A light, crisp and bitter IPA brewed with English and American hops. A small batch brewed only once.','https://images.punkapi.com/v2/keg.png',4.5,60,1010,1044,20,10,4.4,75,20,25,19,NULL,NULL,'Sam Mason <samjbmason>',1,'2007-09-01'),(2,'Trashy Blonde','You Know You Shouldn\'t','04/2008','A titillating, neurotic, peroxide punk of a Pale Ale. Combining attitude, style, substance, and a little bit of low self esteem for good measure; what would your mother say? The seductive lure of the sassy passion fruit hop proves too much to resist. All that is even before we get onto the fact that there are no additives, preservatives, pasteurization or strings attached. All wrapped up with the customary BrewDog bite and imaginative twist.','https://images.punkapi.com/v2/2.png',4.1,41.5,1010,1041.7,15,15,4.4,76,20,25,18,NULL,NULL,'Sam Mason <samjbmason>',1,'2008-04-01'),(3,'Berliner Weisse With Yuzu - B-Sides','Japanese Citrus Berliner Weisse.','11/2015','Japanese citrus fruit intensifies the sour nature of this German classic.','https://images.punkapi.com/v2/keg.png',4.2,8,1007,1040,8,4,3.2,83,20,25,21,'Soured naturally using the kettle souring technique, Yuzu fruit: 50g at middle, Yuzu juice: 200ml at FV','Soured naturally using the kettle souring technique, Yuzu fruit: 50g at middle, Yuzu juice: 200ml at FV','Sam Mason <samjbmason>',1,'2015-11-01'),(4,'Pilsen Lager','Unleash the Yeast Series.','09/2013','Our Unleash the Yeast series was an epic experiment into the differences in aroma and Flavour provided by switching up your yeast. We brewed up a wort with a light caramel note and some toasty biscuit Flavour, and hopped it with Amarillo and Centennial for a citrusy bitterness. Everything else is down to the yeast. Pilsner yeast ferments with no fruity esters or spicy phenols, although it can add a hint of butterscotch.','https://images.punkapi.com/v2/4.png',6.3,55,1012,1060,30,15,4.4,80,20,25,9,NULL,NULL,'Ali Skinner <AliSkinner>',2,'2013-09-01'),(5,'Avery Brown Dredge','Bloggers\' Imperial Pilsner.','02/2011','An Imperial Pilsner in collaboration with beer writers. Tradition. Homage. Revolution. We wanted to showcase the awesome backbone of the Czech brewing tradition, the noble Saaz hop, and also tip our hats to the modern beers that rock our world, and the people who make them.','https://images.punkapi.com/v2/5.png',7.2,59,1027,1069,10,5,4.4,67,20,25,10,NULL,NULL,'Sam Mason <samjbmason>',2,'2011-02-01'),(6,'Electric India','Vibrant Hoppy Saison.','05/2013','Re-brewed as a spring seasonal, this beer – which appeared originally as an Equity Punk shareholder creation – retains its trademark spicy, fruity edge. A perfect blend of Belgian Saison and US IPA, crushed peppercorns and heather honey are also added to produce a genuinely unique beer.','https://images.punkapi.com/v2/6.png',5.2,38,1005,1045,15,7.5,4.4,88.9,20,25,22,'Honey: 62.5g at End (WP), Coriander Seeds: 8.5g at 45mins','Honey: 62.5g at End (WP), Coriander Seeds: 8.5g at 45mins','Sam Mason <samjbmason>',3,'2013-05-01'),(7,'AB:12','Imperial Black Belgian Ale.','07/2012','An Imperial Black Belgian Ale aged in old Invergordon Scotch whisky barrels with mountains of raspberries, tayberries and blackberries in each cask. Decadent but light and dry, this beer would make a fantastic base for ageing on pretty much any dark fruit - we used raspberries, tayberries and blackberries beause they were local.','https://images.punkapi.com/v2/7.png',11.2,35,1017,1108,80,40,5.3,84,20,25,21,'Aged in whisky barrels with raspberries, tayberries and blackberries','Aged in whisky barrels with raspberries, tayberries and blackberries','Sam Mason <samjbmason>',4,'2012-07-01'),(8,'Fake Lager','Bohemian Pilsner.','03/2013','Fake is the new black. Fake is where it is at. Fake Art, fake brands, fake breasts, and fake lager. We want to play our part in the ugly fallout from the Lager Dream. Say hello to Fake Lager – a zesty, floral 21st century faux masterpiece with added BrewDog bitterness.','https://images.punkapi.com/v2/8.png',4.7,40,1010,1046,12,6,4.4,78,20,25,10,NULL,NULL,'Sam Mason <samjbmason>',2,'2013-03-01'),(9,'AB:07','Whisky Cask-Aged Scotch Ale.','03/2010','Whisky cask-aged imperial scotch ale. Beer perfect for when the rain is coming sideways. Liquorice, plum and raisin temper the warming alcohol, producing a beer capable of holding back the Scottish chill.','https://images.punkapi.com/v2/9.png',12.5,30,1020,1106,84,42,5.6,83,20,25,11,'Scottish Heather Honey: 62.5g at middle, Add honey during the boil. After fermentation, age in a Scottish whisky cask','Scottish Heather Honey: 62.5g at middle, Add honey during the boil. After fermentation, age in a Scottish whisky cask','Sam Mason <samjbmason>',5,'2010-03-01'),(10,'Bramling X','Single Hop IPA Series - 2011.','01/2011','Good old Bramling Cross is elegant, refined, assured, (boring) and understated. Understated that is unless you hop the living daylights out of a beer with it. This is Bramling Cross re-invented and re-imagined, and shows just what can be done with English hops if you use enough of them. Poor Bramling Cross normally gets lost in a woeful stream of conformist brown ales made by sleepy cask ale brewers. But not anymore. This beer shows that British hops do have some soul, and is a fruity riot of blackberries, pears, and plums. Reminds me of the bramble, apple and ginger jam my grandmother used to make.','https://images.punkapi.com/v2/10.png',7.5,75,1013,1068,22,11,4.4,80.9,20,25,19,NULL,NULL,'Sam Mason <samjbmason>',1,'2011-01-01'),(11,'Misspent Youth','Milk & Honey Scotch Ale.','04/2013','The brainchild of our small batch brewer, George Woods. A dangerously drinkable milk sugar- infused Scotch Ale.','https://images.punkapi.com/v2/keg.png',7.3,30,1020,1079,120,60,4.4,74.7,20,25,19,'See honey and lactose additions','See honey and lactose additions','Sam Mason <samjbmason>',1,'2013-04-01'),(12,'Arcade Nation','Seasonal Black IPA.','12/2015','Running the knife-edge between an India Pale Ale and a Stout, this particular style is one we truly love. Black IPAs are a great showcase for the skill of our brew team, balancing so many complex and twisting Flavours in the same moment. The citrus, mango and pine from the hops – three of our all-time favourites – play off against the roasty dryness from the malt bill at each and every turn.','https://images.punkapi.com/v2/12.png',5.3,60,1012,1052,200,100,4.2,77,20,25,19,NULL,NULL,'Sam Mason <samjbmason>',1,'2015-12-01'),(13,'Movember','Moustache-Worthy Beer.','11/2009','A deliciously robust, black malted beer with a decadent dark, dry cocoa Flavour that provides an enticing backdrop to the Cascade hops.','https://images.punkapi.com/v2/13.png',4.5,50,1012,1047,140,70,5.2,74.5,20,25,19,NULL,NULL,'Sam Mason <samjbmason>',1,'2009-11-01'),(14,'Alpha Dog','Existential Red Ale.','02/2010','A fusion of caramel malt Flavours and punchy New Zealand hops. A session beer you can get your teeth into.','https://images.punkapi.com/v2/14.png',4.5,42,1025,1046,62,31,4.4,72.8,20,25,22,NULL,NULL,'Sam Mason <samjbmason>',1,'2010-02-01'),(15,'Mixtape 8','An Epic Fusion Of Old Belgian, American New Wave, And Scotch Whisky.','01/2012','This recipe is for the Belgian Tripel base. A blend of two huge oak aged beers – half a hopped up Belgian Tripel, and half a Triple India Pale Ale. Both aged in single grain whisky barrels for two years and blended, each beer brings its own character to the mix. The Belgian Tripel comes loaded with complex spicy, fruity esters, and punchy citrus hop character.','https://images.punkapi.com/v2/15.png',14.5,50,1014,1093,40,20,4.4,85,20,25,21,'Barrel aged and blended with Anarchist Alchemist','Barrel aged and blended with Anarchist Alchemist','Sam Mason <samjbmason>',4,'2012-01-01'),(16,'Libertine Porter','Dry-Hopped Aggressive Porter.','01/2012','An avalanche of cross-continental hop varieties give this porter a complex spicy, resinous and citrusy aroma, with a huge malt bill providing a complex roasty counterpoint. Digging deeper into the Flavour draws out cinder toffee, bitter chocolate and hints of woodsmoke.','https://images.punkapi.com/v2/16.png',6.1,45,1020,1067,219,109.5,4.4,70.1,20,25,18,NULL,NULL,'Sam Mason <samjbmason>',1,'2012-01-01'),(17,'AB:06','Imperial Black IPA.','04/2011','Our sixth Abstrakt, this imperial black IPA combined dark malts with a monumental triple dry-hop, using an all-star team of some of our favourite American hops. Roasty and resinous.','https://images.punkapi.com/v2/17.png',11.2,150,1013,1098,70,35,NULL,87,20,25,17,'White cane sugar: 150g at middle','White cane sugar: 150g at middle','Sam Mason <samjbmason>',6,'2011-04-01'),(18,'Russian Doll – India Pale Ale','Nesting Hop Bomb.','08/2014','The levels of hops vary throughout the range. We love hops, so all four beers are big, bitter badasses, but by tweaking the amount of each hop used later in the boil and during dry- hopping, we can balance the malty backbone with some unexpected Flavours. Simcoe is used in the whirlpool for all four beers, and yet still lends different characters to each','https://images.punkapi.com/v2/18.png',6,70,1012,1058,25,12.5,5.2,79.3,20,25,19,NULL,NULL,'Sam Mason <samjbmason>',1,'2014-08-01'),(19,'Hello My Name Is Mette-Marit','Lingonberry Double IPA.','06/2013','We sent this beer to Norway where it was known as \'Hello, my name is Censored’. You can make up your own mind as to why. This brew was a red berry explosion, with a reisnous bitter edge layered with dry berry tartness.','https://images.punkapi.com/v2/19.png',8.2,70,1013,1076,NULL,NULL,4.4,83,20,25,19,'Infusion of lingonberries alongside the dry hops, Cranberry Juice: 5.5g at 30mins, Lingonberries: 10g Twist','Infusion of lingonberries alongside the dry hops, Cranberry Juice: 5.5g at 30mins, Lingonberries: 10g Twist','Sam Mason <samjbmason>',1,'2013-06-01'),(20,'Rabiator','Imperial Wheat Beer','03/2011','Imperial Wheat beer / Weizenbock brewed by a homesick German in leather trousers. Think banana bread, bubble gum and David Hasselhoff.','https://images.punkapi.com/v2/keg.png',10.27,26,1014,1092,24,12,4.4,85,20,25,21,NULL,NULL,'Sam Mason <samjbmason>',7,'2011-03-01'),(21,'Vice Bier','Hoppy Wheat Bier.','04/2013','Our take on the classic German Kristallweizen. A clear German wheat beer, layers of bubblegum and vanilla perfectly balanced with the American and New Zealand hops.','https://images.punkapi.com/v2/keg.png',4.3,25,1010,1043,30,15,4,81.8,20,25,22,NULL,NULL,'Sam Mason <samjbmason>',8,'2013-04-01'),(22,'Devine Rebel (w/ Mikkeller)','Oak-aged Barley Wine.','12/2008','Two of Europe\'s most experimental, boundary-pushing brewers, BrewDog and Mikkeller, combined forces to produce a rebellious beer that combined their respective talents and brewing skills. The 12.5% Barley Wine fermented well, and the champagne yeast drew it ever closer to 12.5%. The beer was brewed with a single hop variety and was going to be partially aged in oak casks.','https://images.punkapi.com/v2/22.png',12.5,100,1030,1093,36,18,4.4,68,20,25,19,'Part-aged in oak barrels, finished with champagne yeast','Part-aged in oak barrels, finished with champagne yeast','Sam Mason <samjbmason>',1,'2008-12-01'),(23,'Storm','Islay Whisky Aged IPA.','12/2007','Dark and powerful Islay magic infuses this tropical sensation of an IPA. Using the original Punk IPA as a base, we boosted the ABV to 8% giving it some extra backbone to stand up to the peated smoke imported directly from Islay.','https://images.punkapi.com/v2/23.png',8,60,1010,1082,12,6,4.4,86,20,25,19,'Oak chips soaked in Islay whisky 50g','Oak chips soaked in Islay whisky 50g','Sam Mason <samjbmason>',1,'2007-12-01'),(24,'The End Of History','The World\'s Strongest Beer.','06/2011','The End of History: The name derives from the famous work of philosopher Francis Fukuyama, this is to beer what democracy is to history. Complexity defined. Floral, grapefruit, caramel and cloves are intensified by boozy heat.','https://images.punkapi.com/v2/24.png',55,NULL,1000,1112,NULL,NULL,4.4,100,20,25,20,'Nettles: 25g at end, Juniper: 25g at end','Nettles: 25g at end, Juniper: 25g at end','Sam Mason <samjbmason>',4,'2011-06-01'),(25,'Bad Pixie','Spiced Wheat Beer.','10/2008','2008 Prototype beer, a 4.7% wheat ale with crushed juniper berries and citrus peel.','https://images.punkapi.com/v2/25.png',4.7,45,1010,1047,8,4,4.4,79,20,25,19,'Crushed juniper berries: 12.5g, Lemon peel: 18.8g','Crushed juniper berries: 12.5g, Lemon peel: 18.8g','Sam Mason <samjbmason>',1,'2008-10-01'),(26,'Skull Candy','Pacific Hopped Amber Bitter.','02/2010','The first beer that we brewed on our newly commissioned 5000 litre brewhouse in Fraserburgh 2009. A beer with the malt and body of an English bitter, but the heart and soul of vibrant citrus US hops.','https://images.punkapi.com/v2/keg.png',3.5,33,1012,1038,50,25,4.4,68.4,20,25,19,NULL,NULL,'Sam Mason <samjbmason>',1,'2010-02-01'),(27,'Dog B','Cacao, Coffee Chili Anniversary Stout.','05/2013','Our anniversary stout was based on AB:04, one of our most sought after beers ever. This beer is slightly different each year, with subtle variations coming into play purely down to environmental and fermentation factors. What doesn\'t change is the rich dark chocolate, bitter coffee and chilli warmth of this monumental Stout.','https://images.punkapi.com/v2/27.png',15,90,1003,1120,100,50,4.4,98,20,25,19,'Based on AB:04, but with added vanilla and 3.5 times the chilli.','Based on AB:04, but with added vanilla and 3.5 times the chilli.','Sam Mason <samjbmason>',1,'2013-05-01'),(28,'HBC 369','Single Hop India Pale Ale – 2012.','02/2012','HBC 369 brings rich fruity Flavours with the tiniest layer of candy coating on top. HBC 369 (the hop) can bring notes of blueberries, pear, and possibly even sweet potato. HBC 369 (the beer) was balanced, with just one hop providing a complex aroma, and a dry bitterness.','https://images.punkapi.com/v2/28.png',6.7,67,1064,1013,19,9.5,4.4,79.7,20,25,19,NULL,NULL,'Sam Mason <samjbmason>',1,'2012-02-01'),(29,'10 Heads High','Imperial Red Ale.','04/2013','10 Heads High is loosely based on our awesome 2011 Prototype beer Hops Kill Nazis. This is an uncompromising 7.8% Imperial Red Ale loaded high with American Hops. Think of this as an Imperial India Red Ale, or a super-charged version of 5am Saint. Either way this is a seriously good beer!','https://images.punkapi.com/v2/29.png',7.8,70,1015,1074,90,45,4.4,79.7,20,25,18,NULL,NULL,'Sam Mason <samjbmason>',6,'2013-04-01'),(30,'Dana - IPA Is Dead','Single Hop India Pale Ale.','02/2013','Hailing from Slovenia, Dana was originally cross bred from the German Hallertau Magnum and native Slovenian varieties. Like any good faux noble hop should, it infuses a rustic, musty spiciness into a toasty beast of a malt base.','https://images.punkapi.com/v2/30.png',6.7,70,1015,1066,30,15,4.4,77.3,20,25,19,NULL,NULL,'Matt Ball <GeordieMatt>',1,'2013-02-01'),(31,'Nanny State','Alcohol Free Hoppy Ale.','08/2009','Brewing a full Flavoured craft beer at 0.5% is no easy task. Packed with loads of Centennial, Amarillo, Columbus, Cascade and Simcoe hops, dry hopped to the brink and back and sitting at 55 IBUs, Nanny State is a force to be reckoned with. With a backbone of 8 different specialty malts, Nanny State will tantalise your taste buds and leave you yearning for more.','https://images.punkapi.com/v2/31.png',0.5,55,1005,1007,30,15,4.4,28.6,20,25,19,NULL,NULL,'Sam Mason <samjbmason>',1,'2009-08-01'),(32,'AB:05','Belgian Imperial Stout.','12/2010','Belgian Imperial Stout aged on toasted coconut and cacao. The Belgian yeast strain introduces a whole new dimension to the Imperial Stout style resulting in a beer that resembles a marshmallow toasted on a smouldering barbeque then smothered in dark chocolate. Massively seductive and encapsulating this blacker than midnight beer pours with coffee brown head so thick you could almost stand on it, and with an epic lacing on your glass.','https://images.punkapi.com/v2/32.png',12.5,40,1030,1126,180,90,4.4,76,20,25,19,'Toasted coconut flakes: 75g, Cacao Nibs: 25g','Toasted coconut flakes: 75g, Cacao Nibs: 25g','Sam Mason <samjbmason>',4,'2010-12-01'),(33,'Sorachi Ace','Single Hop IPA Series - 2011.','01/2011','A hop that tastes of bubble gum? Seriously? No, we did not believe it either. But it does! This is one unique, son of a bitch of a hop. Lemony, deep, musty with a smoothness that belies its power. This hop is lemony like a lemon who was angry earlier but is now tired because of all the rage. This hop of Japanese origin is best enjoyed trying to make sushi from your gold fish, or trying to persuade your girlfriend (or boyfriend maybe) to dress up as a Geisha for Valentine’s Day.','https://images.punkapi.com/v2/33.png',7.5,75,1013,1068,30,15,4.4,82.1,20,25,19,NULL,NULL,'Sam Mason <samjbmason>',1,'2011-01-01'),(34,'Bourbon Baby','Barrel-Aged Scotch Ale.','01/2014','Santa Paws Scotch ale aged in bourbon barrels - light, dry and toasty, with vanilla, hints of chocolate and ginger biscuit, and a faint spicy hoppiness.','https://images.punkapi.com/v2/34.png',5.8,35,1005,1049,44,22,4.4,90,20,25,19,NULL,NULL,'Ali Skinner <AliSkinner>',1,'2014-01-01'),(35,'Berliner Weisse With Raspberries And Rhubarb - B-Sides','Fruity Berliner Weisse.','11/2015','Tart, dry and acidic with a punch of summer berry as rhubarb crumble.','https://images.punkapi.com/v2/keg.png',3.6,8,1007,1040,NULL,NULL,3.2,83,20,25,21,'Raspberries in the boil, rhubarb at maturation. Soured naturally using the kettle souring technique, Raspberries at middle','Raspberries in the boil, rhubarb at maturation. Soured naturally using the kettle souring technique, Raspberries at middle','Sam Mason <samjbmason>',1,'2015-11-01'),(36,'Shipwrecker Circus (w/ Oskar Blues)','American Barley Wine - Oskar Blues Collab.','09/2013','In collaboration with the awesome Oskar Blues from Colorado, we created this big, twisted 10.5% American style barley wine. Big boozy aromas and a sweet viscosity, packed in with some heavy-hitting C-hops, for an intense bitterness to balance this full-bodied malt monster.','https://images.punkapi.com/v2/36.png',10.5,85,1022,1102,64,32,4.4,102,20,25,21,NULL,NULL,'Ali Skinner <AliSkinner>',6,'2013-09-01'),(37,'Zephyr','There’s A Storm Brewing.','10/2008','A 9.2% Double IPA aged for 21 months in a 1965 Invergordon cask with 30 kg of fresh highland strawberries. This beer is a riot of whisky, caramel and strawberry, all tempered by a toe curling bitterness enducing rapture in all who taste it. Who needs champagne?','https://images.punkapi.com/v2/37.png',12.5,125,1016,1087,40,20,4.4,81.2,20,25,21,'Oak chips: 15g, Fresh strawberries: 3kg','Oak chips: 15g, Fresh strawberries: 3kg','Sam Mason <samjbmason>',6,'2008-10-01'),(38,'Belgian Trappist','Unleash the Yeast Series.','09/2013','Our Unleash the Yeast series was an epic experiment into the differences in aroma and Flavour provided by switching up your yeast. We brewed up a wort with a light caramel note and some toasty biscuit Flavour, and hopped it with Amarillo and Centennial for a citrusy bitterness. Everything else is down to the yeast. Abbey style yeasts add distinctive spicy and fruity notes, and dry out the finished beer.','https://images.punkapi.com/v2/38.png',6.3,55,1012,1060,30,15,4.4,80,20,25,25,NULL,NULL,'Ali Skinner <AliSkinner>',9,'2013-09-01'),(39,'Kohatu - IPA Is Dead','Single Hop India Pale Ale.','02/2014','As you’d expect from a New Zealand hop variety, Kohatu contributes bags of tropical fruit, but with loads of lime notes, & pineapple hits. Seriously fruity, with sweet, juicy melon and stonefruit notes.','https://images.punkapi.com/v2/39.png',7.2,70,1012,1067,30,15,4.4,82.1,20,25,19,NULL,NULL,'Sam Mason <samjbmason>',1,'2014-02-01'),(40,'Hello My Name is Vladimir','Limonnik Infused Imperial IPA (Not for Gays).','01/2014','A Limonnik-infused, triple dry- hopped double IPA. Dry berry tartness and intense citrus hop character meld with a dry bready malt base, boosted by a hint of alcohol warmth. This beer was brewed as a protest against the anti-LGBT legislation in Russia surrounding the Sochi Olympics.','https://images.punkapi.com/v2/40.png',8.2,70,1013,1076,16,8,4.4,83,20,25,21,'Fruit in the boil, berries in the fermenter. Limonnik Berries: 2.5, Twist.','Fruit in the boil, berries in the fermenter. Limonnik Berries: 2.5, Twist.','Ali Skinner <AliSkinner>',1,'2014-01-01'),(41,'AB:17','Three Coffee Rye Imperial Porter.','10/2014','A triple whammy of coffee from HasBean gives our 17th Abstrakt concept beer an intense and roasty, dark mocha character. We brewed with espresso in the mash, cafetiere in the boil, and whole roast beans in the whirlpool and the fermenter.','https://images.punkapi.com/v2/41.png',10.7,100,1025,1105,300,150,4.3,76.2,20,25,21,'Coffee: 25g at end, Coffee: 25g at end, Dark Muscavado Sugar: 250g at end','Coffee: 25g at end, Coffee: 25g at end, Dark Muscavado Sugar: 250g at end','Sam Mason <samjbmason>',6,'2014-10-01'),(42,'Hardcore IPA','Explicit Imperial Ale. Citrusy. Resinous. Intense.','12/2009','Pounding a triple payload of the biggest North American hops humanity has devised, braced by a backbone of caramel malt, this beer is deep, astringent and resinous, pushing to the extremes of lupulin thresholds. There’s nothing inscrutable going on; no mystery in the backstory. It doesn’t seek to be understood. A beer incapable of empathy; only hop overload.','https://images.punkapi.com/v2/42.png',9.2,125,1016,1085,40,20,4.4,81.2,20,25,21,NULL,NULL,'Sam Mason <samjbmason>',6,'2009-12-01'),(43,'American Wheat','Hoppy American Wheat.','07/2014','A luscious blend of peach, blood orange and banana to make a suitably refreshing beverage that happily straddles the Atlantic.','https://images.punkapi.com/v2/keg.png',4.5,17,1013,1047,10,5,5.3,72,20,25,21,NULL,NULL,'Sam Mason <samjbmason>',10,'2014-07-01'),(44,'Dog Wired (w/8 Wired)','New Zealand Imperial Pilsner.','06/2013','Brewed in collaboration with Soren from New Zealand’s stellar 8-Wired brewery, this is an Imperial Pilsner featuring two of our favourite New Zealand hops: Nelson Sauvin and Motueka. Sitting at a dangerously drinkable 7.1% ABV there’s a touch of Munich malt which gives this beer that little extra caramel biscuit bite to compliment the lip smackingly tropical hops. Expect an all out NZ hoppy riot.','https://images.punkapi.com/v2/44.png',7.1,65,1010,1065,13,6.5,4.4,85,20,25,9,NULL,NULL,'Sam Mason <samjbmason>',2,'2013-06-01'),(45,'The Physics','Laid Back Amber Beer.','04/2007','A hoppy Amber Ale that won World\'s Best Amber Beer in the World Beer Awards 2007. Malt and hops are in perfect harmony in this incredibly balanced beer. Biscuity, bitter and packing a surprisingly hoppy punch, this beer ultimately morphed into 5AM Saint.','https://images.punkapi.com/v2/45.png',5,47,1010,1048.5,65,32.5,4.4,79.4,20,25,19,NULL,NULL,'Sam Mason <samjbmason>',1,'2007-04-01'),(46,'Anarchist Alchemist','Triple Hopped Triple Ipa.','03/2012','About as far as you can push an IPA; Anarchist Alchemist packs in three times the malt and three of our favourite hops. Nelson Sauvin, Amarillo and Centennial bring a range of Flavours, touching on tropical fruit, white grape, tangerine, grapefruit, pine, spiced orange... the list goes on!','https://images.punkapi.com/v2/46.png',16.5,20.5,1000,1112,20,10,4.4,100,20,25,20,NULL,NULL,'Sam Mason <samjbmason>',6,'2012-03-01'),(47,'AB:15','Salted Caramel Popcorn Strong Ale.','03/2013','A salted caramel popcorn Imperial Ale. Bourbon and Rum barrel aged, this 12.8% ale has complex and twisting Flavours. Bitter caramel, wood, smoke, spice, treacle and vanilla are all present and intertwine against a smooth and lightly chewy mouthfeel. The salted caramel popcorn lends subtle hints of a smoky brininess.','https://images.punkapi.com/v2/47.png',12.8,50,1020,1096,111,55.5,4.4,79.17,20,25,21,'Adding popped popcorn into the mash, then barrel ageing in fresh bourbon barrels','Adding popped popcorn into the mash, then barrel ageing in fresh bourbon barrels','Sam Mason <samjbmason>',6,'2013-03-01'),(48,'Goldings - IPA Is Dead','Single Hop India Pale Ale.','02/2013','This is East Kent Goldings re- invented and re-imagined and shows just what can be done with English hops if you use enough of them. In this amped up Goldings reincarnation expect to be slammed with floral lavender, a fruity riot of blackberries and spiced pears, bubblegum, plums and the illusion of thyme.','https://images.punkapi.com/v2/48.png',6.7,70,1015,1066,30,15,4.4,77.3,20,25,19,NULL,NULL,'Matt Ball <GeordieMatt>',1,'2013-02-01'),(49,'AB:14','Oak-Aged Imperial Weizenbock.','02/2013','Think banoffee pie; loads of creamy sweet banana, and sticky warm toffee. This beer is super complex, and one for the sweet-toothed!','https://images.punkapi.com/v2/49.png',10,30,1016,1094,20,10,4.4,83,20,25,23,'Oak chips: 25g at end','Oak chips: 25g at end','Sam Mason <samjbmason>',8,'2013-02-01'),(50,'Lost Dog (w/Lost Abbey)','Rum-Aged Imperial Porter - Lost Abbey Collab.','11/2011','Our first beer aged in rum casks, Lost Dog saw us brew a collaboration imperial porter with our friends at Lost Abbey. The base beer was packed with toffee, chocolate and roasty notes, balanced with a subtle spicy hop character. The rum casks add a warming, spiced vanilla edge.','https://images.punkapi.com/v2/50.png',10,35,1012,1080,80,40,4.4,85,20,25,19,'Aged in rum casks for 12 months','Aged in rum casks for 12 months','Sam Mason <samjbmason>',6,'2011-11-01'),(51,'TM10','Liquid Art.','04/2010','Brewed for the Tate Modern’s 10th Anniversary. A saison style beer brewed with ginger and orange peel. Very limited batch of 4000 cork and caged bottles with a silk screened label designed by Johanna Basford. Only available at the Tate Modern.','https://images.punkapi.com/v2/51.png',5.5,20,1005,1048,14,7,4.2,89.6,20,25,22,NULL,NULL,'Sam Mason <samjbmason>',3,'2010-04-01'),(52,'Paradox Islay','Ubiquitous Imperial Stout.','04/2007','In 2006 James and Martin hijacked a beer dinner run by Michael Jackson, the acclaimed beer and whisky writer, and convinced him to taste one of their home brews. This was a defining moment in BrewDog prehistory, and that beer was the first incarnation of the ubiquitous Paradox. Aged in a variety of casks over the years, Paradox is dark, decadent and encapsulating. Can be enjoyed fresh; phenomenal when aged.','https://images.punkapi.com/v2/52.png',10,55,1014,1090,300,152,4.4,84.4,20,25,21,'Try ageing on oak chips, infusing with rum raisins, or vanilla pods','Try ageing on oak chips, infusing with rum raisins, or vanilla pods','Sam Mason <samjbmason>',6,'2007-04-01'),(53,'Baby Dogma','Session Scotch Ale.','09/2013','A baby Scotch ale with dry and toasty malt Flavours and hints of smoke. Toffee, biscuit and fudge abound with a spicy bitterness from the pan-global hops.','https://images.punkapi.com/v2/keg.png',4.5,35,1013,1048,40,20,4.4,72.9,20,25,19,NULL,NULL,'Ali Skinner <AliSkinner>',1,'2013-09-01'),(54,'Albino Squid Assasin','Red Rye IPA','11/2015','This tentacled terminator packs a punch - ten punches to be precise. Each hop addition adds to the intense layers of depth in this red rye IPA. Toasty caramel & cinder toffee from crystal malts, cacao richness from intensely roasted malt and the spiciness of rye. Zesty pithiness from Citra and the robust resin of Chinook. This small batch exclusive brew is up-front intensity matched with twisted complexity. The can features awesome custom art from Joe Wilson.','https://images.punkapi.com/v2/54.png',7.4,65,1012,1069,60,30,4.2,82.6,20,25,18,NULL,NULL,'Matt Ball <GeordieMatt>',1,'2015-11-01'),(55,'Amarillo - IPA Is Dead','Single Hop India Pale Ale.','01/2013','Citrus fruit. Lots of citrus fruit. Think blood orange, orange zest and grapefruit, tangerine and lemon; the fruit is balanced by floral notes in the most classic of new wave IPA hops. Amarillo adds a zesty, pithy character that sits beautifully alongside hints of toffee and honeycomb.','https://images.punkapi.com/v2/55.png',7.2,70,1012,1067,30,15,4.4,82.1,20,25,19,NULL,NULL,'Sam Mason <samjbmason>',1,'2013-01-01'),(56,'Black Eyed King Imp','Barrel-Aged Prototype Cocoa Psycho.','11/2012','An early Cocoa Psycho recipe that we loved, but didn\'t fit what we were looking for. We locked this chocolate coffee stout away in barrels for two years, imparting toasted marshmallow, spicy vanilla, molasses and boozy warmth.','https://images.punkapi.com/v2/56.png',9.5,85,1022,1095,250,125,4.4,76.8,20,25,18,'Coffee Beans: 12.5g at end, Lactose: 125g','Coffee Beans: 12.5g at end, Lactose: 125g','Sam Mason <samjbmason>',6,'2012-11-01'),(57,'Prototype 27','Vibrant Smoky Pink IPA.','04/2010','Hardcore IPA with raspberries aged in Caol Ila casks. Full-bodied and compelling, the robust malt base provides an initial layer of honey, cinnamon and biscuity malt sweetness. Soon the Scottish berries are in on the act, a dominating tug of war between sweet and tart with an overbearing zest. As the beer slips back across your tongue the hops demand and definitely get your attention. At 100 IBUs the bitterness smashes into the back of your throat as the resinous, spiced orange peel Flavours add depth to the berry fruitiness.','https://images.punkapi.com/v2/57.png',9.2,149,1014,1083,19.5,9.8,4.4,83,20,25,19,NULL,NULL,'Sam Mason <samjbmason>',6,'2010-04-01'),(58,'Coffee Imperial Stout','Beats a Cup of Joe.','11/2008','This beer was released as both as \"Danish Beerhouse Coffee Imperial Stout\" and \"BrewDog Coffee Imperial Stout\". Deep, dark, roasted Flavours make this a perfect Sunday brunch beer.','https://images.punkapi.com/v2/58.png',9,65,1019,1080,97,49,4.4,76,20,25,19,'Coffee added after boil. Aged on French oak chips., Dark muscovado sugar: 312.5g for 20mins','Coffee added after boil. Aged on French oak chips., Dark muscovado sugar: 312.5g for 20mins','Sam Mason <samjbmason>',1,'2008-11-01'),(59,'Mandarina Bavaria - IPA Is Dead','Single Hop India Pale Ale.','03/2015','From the central European plains of Germany, comes something very different. A blast of tangerine and orange, Mandarina Bavaria brings a highly distinctive backbone of Flavour. This is down to its parent – Cascade – and a frankly enormous 70% myrcene oil content. If equate Germany solely with earthy, spicy Noble hops, Mandarina Bavaria will make you think again.','https://images.punkapi.com/v2/59.png',7.2,100,1010,1064,12,6,4.4,84,20,25,19,NULL,NULL,'Sam Mason <samjbmason>',1,'2015-03-01'),(60,'Dogma','Revamped Wee Heavy. Luscious. Malty. Fruity.','07/2013','Brewed with over ten different types of malt, and blended together with Scottish heather honey, it is a pantheon to the gods of intricacy and nuance; a beer that celebratesa confluence of ideas. Complex, indulgent and encapsulating, Dogma gives more than a cursory nod to history, to make you ponder the very nature of beer itself.','https://images.punkapi.com/v2/60.png',7.5,30,1023,1080,46,23,4.5,70,20,25,12,'Heather Honey: 125g','Heather Honey: 125g','Ali Skinner <AliSkinner>',2,'2013-07-01'),(61,'Magic Stone Dog (w/Magic Rock & Stone Brewing Co.)','Session Farmhouse IPA - Stone / Magic Rock Collab.','06/2014','A session IPA brewed with a diverse grain bill, hopped with Simcoe and Amarillo and fermented with saison yeast, for an incredible level of depth in a low ABV beer. Spicy, fruity, complex, refreshing and dry.','https://images.punkapi.com/v2/61.png',4.6,30,1008,1043,15,7.5,4.4,81.4,20,25,23,'Cumin: 0.5g at end, Caraway: 1g at end, Peppercorns (Pink): 5g at end, Grains of Paradise: 5g at end','Cumin: 0.5g at end, Caraway: 1g at end, Peppercorns (Pink): 5g at end, Grains of Paradise: 5g at end','Sam Mason <samjbmason>',3,'2014-06-01'),(62,'AB:08','Deconstructed Blonde Imperial Stout.','11/2011','Flavours and aromas you\'d expect from a Stout, but brewed without dark malts. The full mouthfeel comes courtesy of wheat and oats, while smoked malt and the twist additions add the complex Flavours normally provided by highly kilned malts.','https://images.punkapi.com/v2/62.png',10.43,65,1016,1095,23,11.5,4.4,83.2,20,25,21,'Cacao: 25g at FV, Coffee Beans: 37.5g at FV, Oak Chips: 5g at FV, Vanilla Pods: 10 split pods, Liquorice: 5g at FV','Cacao: 25g at FV, Coffee Beans: 37.5g at FV, Oak Chips: 5g at FV, Vanilla Pods: 10 split pods, Liquorice: 5g at FV','Sam Mason <samjbmason>',6,'2011-11-01'),(63,'Sunk Punk','Ocean Fermented Lager.','09/2011','It\'s rumoured just a drop can calm the fiercest of storms. A balance of sweet, salt and savoury, citrus, spruce and caramel. Fermented at the bottom of the North Sea, which just so happens to be the perfect temperature for lagers to ferment.','https://images.punkapi.com/v2/63.png',7.1,68,1010,1056,14,7,4.4,82.1,20,25,10,'Seabuckthorn: 25g at end, Sea Salt: 20g at middle, Rum: 25ml at end','Seabuckthorn: 25g at end, Sea Salt: 20g at middle, Rum: 25ml at end','Sam Mason <samjbmason>',2,'2011-09-01'),(64,'Sub Hop','Hopped-Up Imperial Pilsner.','06/2014','Brewed for the opening of our first bar in Italy, BrewDog Firenze. A mega-hoppy Imperial Pilsner, with toasty malt complexity and tropical New World hops.','https://images.punkapi.com/v2/64.png',8,35,1016,1077,15,7.5,4.4,79.2,20,25,9,NULL,NULL,'Sam Mason <samjbmason>',2,'2014-06-01'),(65,'Bracken\'s Porter','A Tribute To Our Favourite 4 Pawed Friend.','03/2013','The beer was named Bracken’s Porter as a tribute to our favourite four pawed friend who sadly passed in 2013. Chocolately, robust, warming, laid back and lots of fun - there are plenty of similarities between the two. Bracken we miss you and we hope you like your beer. Long live the original BrewDog.','https://images.punkapi.com/v2/keg.png',5,50,1010,1049,110,55,4.4,79,20,25,19,NULL,NULL,'Sam Mason <samjbmason>',1,'2013-03-01'),(66,'Tokyo Rising Sun - Lowland','A Beautiful Accident.','06/2009','A forgotten gem in the deepest, darkest corner of the warehouse. Aged in a Lowland whisky cask resulting in decadent chocolate, toasted vanilla, indulgent spiced fruit, a mesmerizingly hypnotic mouthfeel and new layers that emerge on every sip.','https://images.punkapi.com/v2/66.png',13.2,85,1023,1125,140,71,4.4,82.17,20,25,21,'Cranberry: 25g at end, Jasmine: 25g at end, Muscovado sugar: 300g at start, Oak chips soaked in lowland whisky: 15g at dry hop','Cranberry: 25g at end, Jasmine: 25g at end, Muscovado sugar: 300g at start, Oak chips soaked in lowland whisky: 15g at dry hop','Sam Mason <samjbmason>',11,'2009-06-01'),(67,'Hunter Foundation Pale Ale','American Pale Ale.','05/2012','This straight-up US style pale ale uses some of our favourite hops against a toasty malt base. We brewed this with Sir Tom Hunter at our Fraserburgh brewery - to add a charitable element to your own version, feel free to share this citrusy pale ale with your friends. Or don\'t, it\'s your choice.','https://images.punkapi.com/v2/67.png',5.4,35,1008,1050,11.5,5.75,4.4,84,20,25,19,NULL,NULL,'Sam Mason <samjbmason>',1,'2012-05-01'),(68,'Hype','New Zealand Pale Ale.','08/2007','A perfect pale ale showcase for the tropical profile of New Zealand hops and the intense citrus of US hops.','https://images.punkapi.com/v2/keg.png',4.1,65,1010,1042,17,8.5,4.4,76.2,20,25,19,NULL,NULL,'Sam Mason <samjbmason>',6,'2007-08-01'),(69,'AB:16','Coffee-Infused Belgian Quad.','02/2014','On the nose, clove and nutmeg, cafe au lait, subtle dark fruit notes, and hints of candied lemon peel. On the palate, smooth & fruity espresso, milk chocolate, and warm brandy-soaked currants are in the middle of a high-class dance-off against the spicy and peppery Belgian character. The overall impression evokes malt loaf or ginger cake.','https://images.punkapi.com/v2/69.png',10.6,55,1012,1090,30,15,4.4,86.7,20,25,21,'Coffee Beans: 250g FV. Raisins: 90g at end. Dark Sugar:140g at end.','Coffee Beans: 250g FV. Raisins: 90g at end. Dark Sugar:140g at end.','Ali Skinner <AliSkinner>',12,'2014-02-01'),(70,'Sunmaid Stout','Rum & Raisin Imperial Stout.','12/2011','Brewed by Chris Sartori from Stone Brewing Company in 2010. A dark chocolate stout with dried dark fruit finish. Simcoe provides bitterness with subtle fruity supporting notes, contrasting the chocolate and coffee-laden malt profile. The finish is warming with vanilla and rich dark fruit depth.','https://images.punkapi.com/v2/keg.png',10.2,50,1102,1026,197,100,4.4,74.5,20,25,21,'Age in whisky casks with rum soaked raisins','Age in whisky casks with rum soaked raisins','Sam Mason <samjbmason>',6,'2011-12-01'),(71,'Pale - Russian Doll','Nesting Hop Bomb.','08/2014','The levels of hops vary throughout the range. We love hops, so all four beers are big, bitter badasses, but by tweaking the amount of each hop used later in the boil and during dry- hopping, we can balance the malty backbone with some unexpected Flavours. Simcoe is used in the whirlpool for all four beers, and yet still lends different characters to each.','https://images.punkapi.com/v2/71.png',4,35,1010,1041,45,22.5,5.2,75.6,20,25,19,NULL,NULL,'Sam Mason <samjbmason>',1,'2014-08-01'),(72,'Whisky Sour - B-Sides','Pilot Brew - Deconstructed Whisky Sour.','03/2015','Deconstructed whisky sour, reconstructed as a beer.','https://images.punkapi.com/v2/keg.png',7,20,1021,1081,12,6,3.2,74,20,25,NULL,'Kettle Soured','Kettle Soured','Sam Mason <samjbmason>',6,'2015-03-01'),(73,'Black Eyed King Imp - Vietnamese Coffee Edition','Vietnamese Coffee Edition.','12/2014','This is the Vietnamese Coffee Edition. At 12.7% ABV, Black Eyed King Imp is a super intense and twistedly complex brew, with intense notes of sweet vanilla, rich espresso, smooth molasses and bitter chocolate barely contained by the whatever container it\'s in.','https://images.punkapi.com/v2/73.png',12.7,85,1038,1113.5,250,125,5.2,76.8,20,25,18,'Coffee Beans: 12.5g at end, Lactose: 125g at FV, Bourbon barrel aged','Coffee Beans: 12.5g at end, Lactose: 125g at FV, Bourbon barrel aged','Sam Mason <samjbmason>',6,'2014-12-01'),(74,'Eurotrash','Belgian Blonde.','10/2009','Trashy Blonde with a Belgian Twist. Clove oil, red apples and a drier mouthfeel set this beer apart from its older sister.','https://images.punkapi.com/v2/keg.png',4.1,52,1010,1041,17,8.5,5.2,76,20,25,19,'Fermented with Belgian yeast for signature character','Fermented with Belgian yeast for signature character','Sam Mason <samjbmason>',4,'2009-10-01'),(75,'Never Mind The Anabolics','Performance-Enhancing India Pale Ale.','06/2012','Never Mind the Anabolics, a 6.5% India Pale Ale brewed with copious amounts of performance-enhancing natural ingredients. Brewed to commemorate the 2012 Olympics and its merry marketing bandwagon.','https://images.punkapi.com/v2/75.png',6.5,35,1012,1050,23,11.5,4.4,76,20,25,18,'Lycii Berries: 7.5g at end, Ginseng: 5.625g at end, Guarana: 25g at end, Kolabu: 25g at end, Gingko: 6.25g at end, Matcha Tea: 12.5g at end, Maca Powder: 16.25g at end','Lycii Berries: 7.5g at end, Ginseng: 5.625g at end, Guarana: 25g at end, Kolabu: 25g at end, Gingko: 6.25g at end, Matcha Tea: 12.5g at end, Maca Powder: 16.25g at end','Sam Mason <samjbmason>',1,'2012-06-01'),(76,'#Mashtag 2013','Democratic American Brown Ale.','05/2013','A rich, nutty Brown Ale with a deep, rich malt profile, hopped with a range of citrusy and spicy US varieties. Mellow yet endlessly complex, with enough chocolate and fruit character to balance the bitterness, and a soft oaky roundness.','https://images.punkapi.com/v2/76.png',7.5,50,1013,1070,40,20,4.4,81.4,20,25,21,'Roasted Hazelnuts: 25g in Tank (FV), Almonds: 12.5g in Tank (FV), Oak Chips: 25g in Tank (FV)','Roasted Hazelnuts: 25g in Tank (FV), Almonds: 12.5g in Tank (FV), Oak Chips: 25g in Tank (FV)','Sam Mason <samjbmason>',6,'2013-05-01'),(77,'Hobo Pop','2013 Prototype Rye Pale Ale.','11/2013','Brewed with mountains of Wheat, Rye, Cara and Crystal malts, fermented with an American ale yeast and bittered with Amarillo & Centennial, this 4.2% beer is what happens if something classy like a European wheat beer goes to live in Vegas. Zingy citrus hops and a punchy bitterness bolster this low ABV pale.','https://images.punkapi.com/v2/77.png',4.2,50,1010,1042,30,15,4.4,76.2,20,25,19,NULL,NULL,'Ali Skinner <AliSkinner>',1,'2013-11-01'),(78,'AB:18','Imperial Brown Ale Aged In Rum Casks.','10/2011','AB:18 began life as an Imperial Brown Ale before we bombarded it with Scottish tayberries and Purple raspberries and locked it away in rum barrels for two years, infusing rich dark fruit Flavours and oaky warmth into the mix.','https://images.punkapi.com/v2/78.png',11.8,80,1020,1096,115,57.5,5.2,79.2,20,25,20,'Age in rum barrels, Tayberries: 500g, Purple Raspberries: 500g','Age in rum barrels, Tayberries: 500g, Purple Raspberries: 500g','Sam Mason <samjbmason>',6,'2011-10-01'),(79,'Hops Kill Nazis','Imperial Red Ale.','08/2011','5AM Saint\'s big brother. Dry- hopping with Chinook gave Hops Kill Nazis a full-on, instantly recognisable US hop character - huge resinous aromas (think giant redwood) with a bitter grapefruit edge. The caramel malts bring Flavours of toffee and burnt sugar, which gave Hops Kill Nazis a big, complex malt base supporting the intense hopping.','https://images.punkapi.com/v2/79.png',7.6,70,1015,1073,59,29.5,4.4,79.5,20,25,20,NULL,NULL,'Sam Mason <samjbmason>',6,'2011-08-01'),(80,'AB:04','Imperial Stout With Coffee, Loads Of Cocoa And Chilli.','08/2010','Imperial Stout brewed with coffee, cocoa, Naga chillies (the hottest in the world), and champagne yeast. Possibly our most acclaimed Abstrakt yet.','https://images.punkapi.com/v2/80.png',15,80,1018,1113,400,200,4,84.1,20,25,21,'Add chillies, cacoa and naga chillies to the cold conditioning','Add chillies, cacoa and naga chillies to the cold conditioning','Sam Mason <samjbmason>',6,'2010-08-01'),(81,'India Session Lager - Prototype Challenge','Refreshing Hop Fix.','11/2015','BrewDog’s level of dry-hop to a beer formed with a baseline of 100% pilsner malt – and at under 4.5% ABV – gives you a style that flirts at the edges of several others. Think aromas of fresh cut grass, nettle, white grape, melon, tangerine - with similar Flavours leading to a dry, bitter finish.','https://images.punkapi.com/v2/keg.png',4.4,35,1007,1040,12,6,4.4,79.5,20,25,10,NULL,NULL,'Sam Mason <samjbmason>',2,'2015-11-01'),(82,'Hopped-Up Brown Ale - Prototype Challenge','Malt Hop Balance.','01/2016','Brown ales are perfect foils for resinous C-Hops, as the piney elements of the latter contrast brilliantly with the sweeter, nutty elements of the malt bill. The best of both worlds.','https://images.punkapi.com/v2/82.png',6.3,85,1015,1063,24,12,4.2,82.6,20,25,19,NULL,NULL,'Sam Mason <samjbmason>',1,'2016-01-01'),(83,'Comet','Single Hop India Pale Ale','02/2014','A potently bitter hop variety originally grown in the US around 40 years ago, Comet has been newly resurrected - this German version has bold resinous grapefruit Flavours, which add a huge fresh hop aroma to this IPA.','https://images.punkapi.com/v2/83.png',7.2,70,1012,1067,30,15,4.4,82.1,20,25,19,NULL,NULL,'Ali Skinner <AliSkinner>',1,'2014-02-01'),(84,'Baby Saison - B-Sides','Trial Baby Saison.','08/2015','A hark back to the origins of Saison; slight spice and earthy notes with highlights of lemon and pepper make a beer that could quench the thirst of any seasonal worker.','https://images.punkapi.com/v2/keg.png',3.6,9,1004,1032,2,1,4.4,88,20,25,21,NULL,NULL,'Matt Ball <GeordieMatt>',3,'2015-08-01'),(85,'Santa Paws','Christmas Scoth Ale.','10/2010','A 4.5% decadent scotch ale brewed with Scottish heather honey. A robust malty beer packed with Flavour, at a strength you can drink all (Christmas) day long. Santa Paws is our antidote to the chaos of the festive season. All the Flavours of Christmas pudding in liquid form.','https://images.punkapi.com/v2/85.png',4.5,35,1013,1048,44,22,4.4,72.9,20,25,19,NULL,NULL,'Sam Mason <samjbmason>',1,'2010-10-01'),(86,'Original Dogma (Née Speedball)','Strong Ale With Honey And Spices.','07/2008','A strong ale, brewed with guarana, Californian poppy, kola nut and Scottish heather honey. A conspiracy of trans-continental ingredients infused with some devastatingly BrewDog imaginative thinking.','https://images.punkapi.com/v2/86.png',7.8,60,1012,1071.3,31,15.5,4.3,83.2,20,25,21,'Herb and honey addition','Herb and honey addition','Sam Mason <samjbmason>',13,'2008-07-01'),(87,'Alpha Pop','Hoppy Rye Pale Ale.','03/2014','A hoppy Rye Ale loaded with an avalanche of citrus and resinous Flavours. Columbus, our high-alpha friend, lends a huge pithy citrus blast, with Ahtanum providing a punchy tropical fruit back-up. Brewing with rye adds a spiciness to the speciality malt caramel backbone, giving a warm ginger snap Flavour, before slowly the hops, barley and rye combine and build to an orangey, biscuity, almost chocolatey crescendo.','https://images.punkapi.com/v2/87.png',4.5,30,1011,1045,25,12.5,4.4,75.6,20,25,19,NULL,NULL,'Sam Mason <samjbmason>',1,'2014-03-01'),(88,'Bavarian Weizen','Unleash the Yeast Series.','09/2013','Our Unleash the Yeast series was an epic experiment into the differences in aroma and Flavour provided by switching up your yeast. We brewed up a wort with a light caramel note and some toasty biscuit Flavour, and hopped it with Amarillo and Centennial for a citrusy bitterness. Everything else is down to the yeast. Bavarian Weizen yeast adds traditional weissbier notes of banana and clove.','https://images.punkapi.com/v2/88.png',6.3,55,1012,1060,30,15,4.4,80,20,25,22,NULL,NULL,'Ali Skinner <AliSkinner>',14,'2013-09-01'),(89,'Citra','Single Hop IPA Series – 2011.','01/2011','The Pacific North West of America is home to the Citra hop. America is not just about cheer leaders, a silly version of football, elastic top jeans and cheeseburgers. They grow remarkable hops and Citra is a killer example of this, embodying all that is good about American hops and then some. Fearfully hard to resist, this beer is loaded with brash citrus, grapefruit, orange, hints of resinous pine and touches of blackcurrant. Devilishly moreish.','https://images.punkapi.com/v2/89.png',7.5,70,1013,1068,30,15,4.4,82.1,20,25,19,NULL,NULL,'Sam Mason <samjbmason>',1,'2011-01-01'),(90,'#Mashtag 2015','US Hopped Black Barley Wine.','05/2015','Democratically voted on by you and the BrewDog beer community. A wonderfully burnt toast malt backbone, loaded with American Hops for floral, citrus Flavours and warm boozy vanilla and toasted oak.','https://images.punkapi.com/v2/90.png',10,85,1020,1098,130,65,4.4,79.6,20,25,21,'Oak Chips: 38.5g at FV, Vanilla Pods at FV','Oak Chips: 38.5g at FV, Vanilla Pods at FV','Sam Mason <samjbmason>',6,'2015-05-01'),(91,'Dead Pony Club','West Coast Kicks. Citrusy. Zesty. Bright.','03/2012','Our California style West Coast IPA has light toffee and caramel notes layered on biscuit malt, supporting a huge, fresh citrus aroma, with lemongrass, lime zest, grapefruit peel, alongside some tropical notes, courtesy of some heavy-hitting US hops.','https://images.punkapi.com/v2/91.png',3.8,35,1012,1040,25,12.7,4.4,70,20,25,19,NULL,NULL,'Sam Mason <samjbmason>',1,'2012-03-01'),(92,'AB:09','Cranachan Imperial Stout.','11/2010','This Cranachan Imperial Stout was inspired by the famous Scottish dessert, and brewed with a mountain of dark malts, loads of oats, Scottish heather honey and local raspberries. The beer was then transferred to oak casks to mature for 6 months.','https://images.punkapi.com/v2/92.png',11.6,77,1022,1110,265,132.5,5.2,80,20,25,19,'Lactose: 125g, Scottish Heather Honey: 125g, Raspberries: 187.5g','Lactose: 125g, Scottish Heather Honey: 125g, Raspberries: 187.5g','Sam Mason <samjbmason>',15,'2010-11-01'),(93,'Mango Gose - B-Sides','Hoppy Mango Gose.','07/2015','Kettle soured hoppy mango gose. A delicate balance of sweet, juicy mango, sour lime and salinity.','https://images.punkapi.com/v2/keg.png',6.4,40,1000,1057,10,5,3.5,87,20,25,20,'Kettle Soured, 5 Mangoes pureed at FV','Kettle Soured, 5 Mangoes pureed at FV','Sam Mason <samjbmason>',1,'2015-07-01'),(94,'Everday Anarchy','White Wine Barrel-Aged Imperial Red Saison.','06/2013','This French white wine barrel aged Imperial Saison has a plethora of intertwining Flavours. Huge aromas of peach, syrup, tangerine, sherry, toffee and raisin, followed by a dynamic bracing acidity.','https://images.punkapi.com/v2/94.png',10.5,45,1005,1081,15,7.5,4.4,93.8,20,25,23,'Coriander seeds: 12.5g at End (WP), Orange: 25g at End (WP), Lemon: 25g at End (WP), Honey: 125g at End (WP), Pink Peppercorns: 3.5g at End (WP)','Coriander seeds: 12.5g at End (WP), Orange: 25g at End (WP), Lemon: 25g at End (WP), Honey: 125g at End (WP), Pink Peppercorns: 3.5g at End (WP)','Sam Mason <samjbmason>',3,'2013-06-01'),(95,'Peroxide Punk','Zesty Pale Ale.','04/2007','A trashy blonde concession for those who felt that our original 6% Punk IPA recipe was too hard hitting. This was also the first time we experimented with dry hopping our beers, giving Peroxide Punk a depth of Flavour that belies its modest ABV. Zesty, aromatic and thirst quenching.','https://images.punkapi.com/v2/keg.png',4,40,1009,1039,18,9,4.4,76.9,20,25,19,NULL,NULL,'Sam Mason <samjbmason>',1,'2007-04-01'),(96,'Lumberjack Stout','Blueberry Bacon Stout.','12/2013','Lumberjack Stout is an intense beast that took its inspriation from what an actual bona-fide lumberjack might have for breakfast. Flavours of molasses, chocolate, smoke, berry, coffee and more, with a low bitterness, leaning this beer firmly towards the malty side.','https://images.punkapi.com/v2/keg.png',15.2,20,1020,1110,158,79,4.4,82,20,25,21,'Blueberries, maple syrup and coffee, then aged in ex Grain whisky casks. Maple Syrup: 50g at end. Blueberries: 100g at middle.','Blueberries, maple syrup and coffee, then aged in ex Grain whisky casks. Maple Syrup: 50g at end. Blueberries: 100g at middle.','Ali Skinner <AliSkinner>',6,'2013-12-01'),(97,'Bowman\'s Beard - B-Sides','English Barley Wine.','03/2015','Ice-distilled double barley wine brewed by Chris from Stone Brewing Co. (see Sunmaid Stout) and BrewDog\'s own brewers. As robust, resinous and badass as its eponymic beard.','https://images.punkapi.com/v2/keg.png',18.3,50,1011,1067,15,8,5.3,84,20,25,19,'Ice-distilled after fermentation to get to 18.3%','Ice-distilled after fermentation to get to 18.3%','Sam Mason <samjbmason>',16,'2015-03-01'),(98,'Pumpkin King','Spicy Citrus Pumpkin Ale.','08/2015','We\'re turning Hallowe’en inside out and upside down. Pumpkin King is not your usual unctuous, cloyingly sweet Hallowe’en pumpkin ale. Sure, there’s a huge heady hit of pungent spice on the nose, but it’s followed with bright and zesty citrus Flavours, and a light mouthfeel. Spicy and sweet autumnal favourites like toasted marshmallow and toffee apple are just some of the complex notes you’ll find in our twisted take on a pumpkin ale, which weighs in at 5.4% ABV.','https://images.punkapi.com/v2/98.png',5.4,20,1014,1055,30,15,4.4,74.6,20,25,19,'Pumkin puree: 375g, Grains of Paradise: 2.5g at end, Star Anise: 1.5g at end, Cinnamon: 2.5g at end, Nutmeg: 2.5g at end, Allspice: 2.5g at end, Ginger: 2.5g at end, Clove: 2.5g at end','Pumkin puree: 375g, Grains of Paradise: 2.5g at end, Star Anise: 1.5g at end, Cinnamon: 2.5g at end, Nutmeg: 2.5g at end, Allspice: 2.5g at end, Ginger: 2.5g at end, Clove: 2.5g at end','Sam Mason <samjbmason>',6,'2015-08-01'),(99,'Hello My Name Is Päivi','Sea Buckthorn Double IPA.','05/2014','Brewed with sea buckthorn, a tart and bitter berry found on the Finnish coastline. Bright, vibrant aromas of tangerine, mandarin and peach, with zesty hits of lime, envelop the nutty, caramel malt backbone. The intense fruitiness gives a jammy quality to the nose. On the palate is a warm biscuity sweetness, with tropical fruits in a supporting role to a huge grapefruit and orange bitterness.','https://images.punkapi.com/v2/99.png',8.3,70,1013,1076,30,15,4.4,82.9,20,25,21,'Sea Buckthorn Puree: 375g at end, EXP 366: 37.5g at dry hop','Sea Buckthorn Puree: 375g at end, EXP 366: 37.5g at dry hop','Sam Mason <samjbmason>',6,'2014-05-01'),(100,'Elvis Juice V2.0 - Prototype Challenge','Citrus Infused IPA.','12/2015','Punchy resinous hoppy aromas blast from the glass; light floral and citrus notes riff against huge piney character. Showcasing Citra, Simcoe and Amarillo at their absolute best. A huge dose of grapefruit peel brings swirls of fresh pithy zest, accentuating the dry hops and building on the dry, biscuit malt base.','https://images.punkapi.com/v2/100.png',6.5,60,1010,1060,25,12.5,4.4,83.3,20,25,19,'Add grapefruit and orange peel into the boil and FV for extra citrus twist','Add grapefruit and orange peel into the boil and FV for extra citrus twist','Sam Mason <samjbmason>',1,'2015-12-01'),(101,'Riptide','Twisted Merciless Stout.','04/2007','The original BrewDog, Bracken decided to make a beer that best reflected himself; this is the beer equivalent of the big, cute chocolate monster. Soft, smooth, dark, chocolatey and a force to be reckoned with. This gentle giant will never bite, but you\'ll still want to be on your best behaviour!','https://images.punkapi.com/v2/101.png',8,45,1014,1075,240,120,4.4,81.3,20,25,20,'Dark muscavado sugar 285g 30mins pre boil end','Dark muscavado sugar 285g 30mins pre boil end','Sam Mason <samjbmason>',6,'2007-04-01'),(102,'Peach Therapy','Tart Belgian Tripple.','06/2015','9% abv sour tripel, infused with peach and apricot in collaboration with some of our favourite beer writers Adrian Tierney-Jones, Matt Curtis and Jonny and Brad from The Craft Beer Channel.','https://images.punkapi.com/v2/keg.png',9,30,1000,1071,12,6,3.6,87,20,25,20,NULL,NULL,'Sam Mason <samjbmason>',4,'2015-06-01'),(103,'Clown King','US Style Barley Wine.','12/2013','A heavy hitting combination of rich malt Flavours and relentless, bitter hops. Aromas of caramel and toasted marshmallow, with raisin and dried fruit, alongside a spicy undercurrent of resin. With toasty malt and sweet dark fruit Flavours, and a smooth, chewy mouthfeel, you’ll be lulled into a false sense of security, before the intense pine-sap resin draws out a huge bitter finish.','https://images.punkapi.com/v2/103.png',12,85,1020,1130,24,12,4.4,102.3,20,25,21,NULL,NULL,'Ali Skinner <AliSkinner>',6,'2013-12-01'),(104,'India Pale Weizen (w/ Weihenstephan)','BrewDog Versus Weihenstephan.','09/2014',' BrewDog vs. Weihenstephan India Pale Weizen kicked off a new direction for our collaborations. We took a simple concept (by our standards) and teamed up with the oldest brewery in the world to brew a mash-up beer using the signature styles of both breweries. India Pale Weizen has classic base hefeweizen aromas and Flavours of banana, clove and bubblegum, with a distinctive haziness. Layered on top of this is a tapestry of US citrus hop character. India Pale Weizen is a perfect symbiosis of traditional and modern brewing.','https://images.punkapi.com/v2/104.png',6.2,50,1010,1056,35,17.5,4,85,20,25,21,NULL,NULL,'Sam Mason <samjbmason>',8,'2014-09-01'),(105,'Hello My Name Is Beastie','Double IPA Brewed with Brambles.','08/2012','A Scottish take on Hello My Name is Ingrid with added brambles. Caramel malt provides sweetness to balance the tart berry character, which loses sweetness during fermentation.','https://images.punkapi.com/v2/105.png',8.2,42,1013,1078,90,45,4.4,83.3,20,25,21,'500g bramble addition in the FV','500g bramble addition in the FV','Sam Mason <samjbmason>',6,'2012-08-01'),(106,'Punk IPA 2010 - Current','Post Modern Classic. Spiky. Tropical. Hoppy.','10/2010','Punk IPA. Amplified. In 2010 we finally got our paws on the equipment we needed to dry hop our beers. We focused all our energy on dry hopping, amping up the aroma and Flavour of our flagship beer to create a relentless explosion of tropical fruits, and adding a hint of Caramalt to balance out the insane amount of hops.','https://images.punkapi.com/v2/106.png',5.6,40,1011,1055,15,7.6,4.4,78,20,25,19,NULL,NULL,'Sam Mason <samjbmason>',1,'2010-10-01'),(107,'HBC 366 - IPA Is Dead','Single Hop India Pale Ale.','02/2014','A new, at-the-time un-named American hop now known as Equinox. Piney, resinous with spicy fruit notes and biting grapefruit. Stewed orange and pineapple with a resinous edge.','https://images.punkapi.com/v2/107.png',7.2,70,1012,1067,30,15,4.4,82.1,20,25,19,NULL,NULL,'Sam Mason <samjbmason>',1,'2014-02-01'),(108,'American Ale','Unleash the Yeast Series.','09/2013','Our Unleash the Yeast series was an epic experiment into the differences in aroma and Flavour provided by switching up your yeast. We brewed up a wort with a light caramel note and some toasty biscuit Flavour, and hopped it with Amarillo and Centennial for a citrusy bitterness. Everything else is down to the yeast. American Ale used a clean fermenting strain which provides some faint fruity notes.','https://images.punkapi.com/v2/108.png',6.3,55,1012,1060,30,15,4.4,80,20,25,19,NULL,NULL,'Ali Skinner <AliSkinner>',6,'2013-09-01'),(109,'Cocoa Psycho','Russian Imperial Stout. Rich. Decadent. Mocha.','11/2012','Vanilla pods and toasted oak chips add a rounded character to this massive Russian Imperial Stout, brewed with a hefty malt bill, cacao nibs and coffee beans. Dark malts combine with Cascade to add a punchy bitterness, strong enough to offset the big chocolate sweetness.','https://images.punkapi.com/v2/109.png',10,85,1012,1098,30,15.25,4.4,70,20,25,21,'Coffee Beans: 25g at end, Cocoa Nibs: 25g at end, Cocoa Nibs: 25g at conditioning, Coffee Beans: 25g at conditioning, Oak Chips: 15g at conditioning','Coffee Beans: 25g at end, Cocoa Nibs: 25g at end, Cocoa Nibs: 25g at conditioning, Coffee Beans: 25g at conditioning, Oak Chips: 15g at conditioning','Sam Mason <samjbmason>',6,'2012-11-01'),(110,'Truffle and Chocolate Stout - B-Sides','Gastronomic Session Stout.','03/2015','Pilot Brew - Truffle & Chocolate Stout. Deep, earthy roast notes make this a gastronome\'s dream.','https://images.punkapi.com/v2/keg.png',5.6,30,1015,1058,54,27,4.4,74,20,25,19,'Use Perigold Truffles after fermentation','Use Perigold Truffles after fermentation','Iain Mullan <iainmullan>',1,'2015-03-01'),(111,'Vagabond Pilsner','Hoppy Pilsner.','02/2013','Take the thirst-quenching crispness of a German Pilsner and combine it with lemon and honey to produce a rewarding modern twist on a beer classic.','https://images.punkapi.com/v2/111.png',4.5,55,1012,1046,25,12.5,4.4,73.9,20,25,9,NULL,NULL,'Sam Mason <samjbmason>',2,'2013-02-01'),(112,'Vote Sepp','Witbier With Hibiscus.','05/2014','Vote Sepp is a single hop wheat beer brewed to a session strength, with hibiscus flower, which gives it an impressively vibrant shade of pink. What Vote Sepp lacks in complexity, it more than makes up for in a perfect balance of tartness, bitterness and body.','https://images.punkapi.com/v2/112.png',3.6,20,1009,1036,8,4,4.1,75,20,25,21,'Hibiscus: 37.5g Tank','Hibiscus: 37.5g Tank','Sam Mason <samjbmason>',17,'2014-05-01'),(113,'Hello My Name Is Ingrid','Sophisticated Bergmanesque Beer.','12/2010','A Double IPA with cloudberries added to the conditioning tank. One thing is certain – this Swedish inspired Double IPA is not as innocent as she first appears. A seductive body of rich malts and a buxom amount of Citra, Nelson Sauvin and Bramling Cross hops have been added to fresh Scandinavian cloudberries to deliver this beer’s tart finish.','https://images.punkapi.com/v2/113.png',8.2,42,1013,1078,70,35,4.4,83.3,20,25,22,'Cloudberries: 1kg','Cloudberries: 1kg','Sam Mason <samjbmason>',6,'2010-12-01'),(114,'U-Boat (w/ Victory Brewing)','Smoked Porter Collab With Victory Brewing.','07/2014','On the palate is a big dark malt sweetness, balanced by the blend of spicy Mittelfruh and citrussy Galena. Cocoa powder, rich dark chocolate, and ripe berries interplay with a toasty burnt sugar bitterness. The mouthfeel is thick and chewy with a treacly quality that doesn’t cloy, as it plays off against the hops and roast malt bitterness.','https://images.punkapi.com/v2/114.png',8.4,50,1015,1080,200,100,4.4,81.3,20,25,14,'Try ageing on oak chips, infusing with rum raisins, or vanilla pods','Try ageing on oak chips, infusing with rum raisins, or vanilla pods','Sam Mason <samjbmason>',2,'2014-07-01'),(115,'Melon And Cucumber IPA - B-Sides','Fresh Melon IPA.','03/2015','A Pilot Brew with 200Kg of fresh melon and 5Kg fresh cucumber added after fermentation to produce the perfect summer refreshment.','https://images.punkapi.com/v2/keg.png',6,50,1010,1050,8,4,5.2,87,20,25,20,'Melon: 500g, Cucumber: 20g','Melon: 500g, Cucumber: 20g','Sam Mason <samjbmason>',1,'2015-03-01'),(116,'Morag\'s Mojito - B-Sides','Cocktail Meets Beer.','08/2015','A cunning cocktail blend of grapefruit hops, ginger spice and refreshing mint.','https://images.punkapi.com/v2/keg.png',6.7,40,1010,1063,15,7.5,5.2,84,20,25,19,'Fresh mint leaves after fermentation, Grains of Paradise: 6.5g at end, Fresh Limes: 50g at end.','Fresh mint leaves after fermentation, Grains of Paradise: 6.5g at end, Fresh Limes: 50g at end.','Matt Ball <GeordieMatt>',1,'2015-08-01'),(117,'Hop Rocker','Hoppy Aggressive Lager','04/2007','The first of our foray into lager beer, Hop Rocker is a high impact, hoppy behemoth made with 100% malt. Since 2007 we have been obsessive about quality, using only the best ingredients to ensure the Flavour and craftsmanship of the beer in your glass. Hop Rocker is testament to that. The malt base gives this beer a sweet, balanced complexity while the combination of New Zealand and German hops merges new world tropical juiciness with old world peppery spice.','https://images.punkapi.com/v2/117.png',5.5,40,1010,1052,25,12,4.2,80.7,20,25,10,NULL,NULL,'Sam Mason <samjbmason>',5,'2007-04-01'),(118,'Bounty Hunter - Shareholder Brew','Beatnik Milk Stout.','02/2015','Brewed with our Equity Punks this rich, smooth stout is brewed with a blend of six malts, resulting in a welcoming, resonant black beer. From start to finish it carries an intense roastiness reminiscent of dark chocolate intertwined with a delicate hint of coconut and caramel.','https://images.punkapi.com/v2/118.png',6.5,35,1020,1068,250,125,4.2,70.6,20,25,19,'Cacao Nibs: 25g at end, Coconut Chips: 20g at end, Lactose (wk): 375g at end, Coconut Chips: 50g at FV','Cacao Nibs: 25g at end, Coconut Chips: 20g at end, Lactose (wk): 375g at end, Coconut Chips: 50g at FV','Sam Mason <samjbmason>',1,'2015-02-01'),(119,'Zeitgeist','Organic Black Lager.','12/2008','Zeitgeist is an idiosyncratic alternative black lager. Its inspiration is found more than 200 years ago. Zeitgeist takes an age old classic, a forgotten masterpiece, and gives it relevance and an avant-garde edge.','https://images.punkapi.com/v2/119.png',4.9,32,1010,1047.5,120,60,4.3,79,20,25,15,NULL,NULL,'Sam Mason <samjbmason>',5,'2008-12-01'),(120,'AB:10','Imperial Brown Ale Aged In Spanish Red Wine Barrels.','10/2011','A decadent, robust and encapsulating Imperial Ale. A rollercoaster of devilish berries, smooth vanilla, toasted marshmallow and wine gums; caramel malt balanced with moderate bitterness and a roasty edge.','https://images.punkapi.com/v2/120.png',11.5,80,1020,1096,115,57.5,4.4,79.2,20,25,20,'Age in red wine barrels','Age in red wine barrels','Sam Mason <samjbmason>',6,'2011-10-01'),(121,'Punk Monk','Who Ordered The Belgian Yeast?','07/2009','Old world meets new in this trans-atlantic mash up of brewing ingredients. Belgian funk incorporates itself into the pithy, resin and grapefruit, with pineapple and banana rounding out a rambunctious avalanche of fruity hops.','https://images.punkapi.com/v2/keg.png',6,60,1010,1056,17,8.5,4.4,82.1,20,25,19,NULL,NULL,'Sam Mason <samjbmason>',4,'2009-07-01'),(122,'Dog Fight (w/ Flying Dog)','Rye IPA - Flying Dog Collab.','10/2012','A clash of kings. A spiced toffee malt backbone arranged against a tidal wave of US hops. Citrus, nectarine and juicy tropical fruits are layered into this complex beer.','https://images.punkapi.com/v2/keg.png',8.5,65,1012,1078,31.2,15.6,4.4,84.6,20,25,18,NULL,NULL,'Sam Mason <samjbmason>',6,'2012-10-01'),(123,'Candy Kaiser','NorDdeutsches Retro Altbier.','08/2015','In this northern German style retro altbier, we’ve dialled down the dry-hops to zero, but cranked up the malt to create massive aromas. Toasty, toffee and floral notes duke it out for supremacy in the headspace of your glass. When this all hits your palate, the steely bitterness combines with the rich dry malt and the subtle alcohol warmth in a full throttle attack on your taste buds.','https://images.punkapi.com/v2/123.png',5.2,45,1009,1049,45,22.5,4.2,81.6,20,25,14,NULL,NULL,'Sam Mason <samjbmason>',1,'2015-08-01'),(124,'Chaos Theory','Predictably Random IPA.','10/2008','Chaos Theory is the most under- rated achievement of 20th Century science. This beer can only aspire to parallel to the mathematical use of the word chaos, which is at odds to the common parlance. The purest showcase of the magnificent hop that is Nelson Sauvin; grapefruit, pineapple and caramel sing above the chaos of life.','https://images.punkapi.com/v2/124.png',7.1,90,1013,1067,15,7.5,4.4,80.6,20,25,19,NULL,NULL,'Sam Mason <samjbmason>',1,'2008-10-01'),(125,'Juniper Wheat Beer','American Style Wheat Ale With Juniper Berries.','06/2011','A variant on the 2008 release of Bad Pixie, but hoppier. Substituting the lemon peel for Ahtanum provided a vibrant floral and lemon citrus hit, balancing the slight tartness from the wheat. This dry, effervescent brew is perfect on Scotland\'s one day of summer.','https://images.punkapi.com/v2/keg.png',5,40,1008,1047,15,7.5,4.1,83,20,25,17,NULL,NULL,'Sam Mason <samjbmason>',10,'2011-06-01'),(126,'Jet Black Heart','Oatmeal Milk Stout. Dark. Roasty. Velvety.','01/2016','Good things come to those who wait. This smooth and roasty oatmeal milk stout won our 2015 Prototype Challenge at a canter. Roasty coffee and chocolate lead to a decadent, full-bodied richness of near uncharted depths with a velvet mouthfeel from the addition of oatmeal and a touch of wheat. This is complemented at every turn by the Magnum and Sorachi Ace hops, with the latter bringing an intensity of smooth vanilla and dark berry fruit on the long, rewarding finish.','https://images.punkapi.com/v2/126.png',4.7,45,1019,1055,200,100,4.4,70,20,25,19,NULL,NULL,'Sasha <SashaMasondeCaires>',1,'2016-01-01'),(127,'Galaxy','Single Hop India Pale Ale – 2012.','02/2012','With all the rich tropical Flavour you\'d expect from Australia\'s Galaxy, this beer backs up a strong citrus aroma and Flavour with a mellow undercurrent of passion fruit and mango. Zingy and sweet but not too sweet, Galaxy has a soft and inviting fruity hop character.','https://images.punkapi.com/v2/127.png',6.7,67,1064,1013,19,9.5,4.4,79.7,20,25,19,NULL,NULL,'Sam Mason <samjbmason>',1,'2012-02-01'),(128,'White Noise','White IPA with Motueka.','07/2012','A White IPA; brewed with plenty of wheat, fermented with a Belgian yeast with some coriander thrown in for good measure. Oh and this one has mountains of Motueka hops. And then lots of dry hops too.','https://images.punkapi.com/v2/keg.png',6.8,50,1012,1060,30,15,4.4,80,20,25,18,'Coriander powder: 37.5g at end','Coriander powder: 37.5g at end','Sam Mason <samjbmason>',17,'2012-07-01'),(129,'Hinterland','A Most Beguiling Brew.','05/2015','Hinterland is a beer long in the creation, and even longer in the appreciation. On the aroma, deep reverberating roasty bitterness and sweet dark chocolate. Also in evidence, woodsmoke, rich vanilla, mocha and marzipan. When tasting, Hinterland reveals itself as the beer moves from cellar temperature to something warmer, yielding all of the above plus dried fruit, rich ganache and ending on a resoundingly warming finish redolent of chocolate liqueur or plum brandy.','https://images.punkapi.com/v2/129.png',9,85,1025,1094,400,200,4.3,73.4,20,25,21,'Lactose (Milk Sugar): 500g at middle','Lactose (Milk Sugar): 500g at middle','Sam Mason <samjbmason>',6,'2015-05-01'),(130,'Spiced Cherry Sour - B-Sides','Alternative Festive.','03/2015','Think bakewell tart with Christmas spices.','https://images.punkapi.com/v2/keg.png',6.5,20,1010,1060,NULL,NULL,3.2,87,20,25,20,NULL,NULL,'Sam Mason <samjbmason>',1,'2015-03-01'),(131,'Motueka','Single Hop India Pale Ale – 2012.','02/2012','Lemon and lime rise to the top of this hoppy brew, with supporting acts of tropical fruit for a very rounded, thoroughly satisfying Flavour. Motueka is a hop we\'ve used in loads of recipes; it has enough resin to balance the intense fruity character.','https://images.punkapi.com/v2/131.png',6.7,67,1064,1013,19,9.5,4.4,79.7,20,25,19,NULL,NULL,'Sam Mason <samjbmason>',1,'2012-02-01'),(132,'5am Saint','Bittersweet Chaos. Malty. Fruity. Bite.','06/2009','Out of order and stability comes the rush of the pack. Berry and caramel riding alongside marmalade and chocolate. Spice and toast jostle with lychee and biscuit. The needle flicks to all points of the compass. It drives you towards the horizon, towards the vanishing point. And it keeps going...','https://images.punkapi.com/v2/132.png',5,30,1012,1050,60,30.5,4.4,76,20,25,19,NULL,NULL,'Sam Mason <samjbmason>',1,'2009-06-01'),(133,'Black Eye Joe (w/ Stone Brewing Co)','Coffe Black IPA.','11/2013','A fresh tropical hit from this Black IPA, with undertones of roasted coffee. A well balanced, drinkable yet complex beer.','https://images.punkapi.com/v2/keg.png',5.8,40,1008,1053,177.3,88.7,4.4,84.9,20,25,19,'Fresh coffee in the boil.','Fresh coffee in the boil.','Ali Skinner <Ali SKinner>',1,'2013-11-01'),(134,'Mr.Miyagi\'s Wasabi Stout','Spicy Stout Brewed By Aberdeen Bar Staff.','09/2011','Invented by and brewed by Dan Bloxham, no matter what anyone else says. A medium bodied, bitter, US style stout, with a wasabi warmth, a subtle earthiness and a hint of soy sauce.','https://images.punkapi.com/v2/keg.png',7.5,90,1015,1072,200,102,4.4,79.2,20,25,21,'Wasabi Powder: 45g at end, Wasabi Paste: 75g at end','Wasabi Powder: 45g at end, Wasabi Paste: 75g at end','Sam Mason <samjbmason>',6,'2011-09-01'),(135,'Growler','Citra Hopped Pilsner','03/2011','Brewed by Pivovar Group at BrewDog, specifically for thier bars, Pivo in Leeds, Sheffield Tap in Sheffield, and Euston Tap in Euston. It was then lagered for 2 months and dry hopped with citra.','https://images.punkapi.com/v2/keg.png',4.5,38,1008,1042.9,18,9,4.4,81,20,25,10,NULL,NULL,'Sam Mason <samjbmason>',2,'2011-03-01'),(136,'#Mashtag 2014','Democratic Imperial Red Ale.','05/2014','A slightly psychotic, orange-that- thinks-it’s-a-grapefruit character builds upon and intensifies the hop bitterness, squaring up against the rich sweet malt base. The result is a huge Red Ale with a drinkable quality you’d expect in a beer half this strength.','https://images.punkapi.com/v2/136.png',9,50,1015,1084,20,10,4.4,82.1,20,25,21,'Blood Orange: 250g at end, Lemon Peel: 3.9g at end, Orange Peel: 7.7g at end','Blood Orange: 250g at end, Lemon Peel: 3.9g at end, Orange Peel: 7.7g at end','Sam Mason <samjbmason>',6,'2014-05-01'),(137,'Sink The Bismarck!','IPA For The Dedicated.','12/2009','This is IPA amplified, the most evocative style of the craft beer resistance with the volume cranked off the scale. Kettle hopped, dry hopped then freeze hopped for a deep fruit, resinous and spicy aroma. A full on attack on your taste buds ensues as the incredibly smooth liquid delivers a crescendo of malt, sweet honey, hop oils and a torpedo of hop bitterness that lasts and lasts.','https://images.punkapi.com/v2/137.png',41,1085,1016,1085,40,20,4.4,81.2,20,25,21,NULL,NULL,'Sam Mason <samjbmason>',6,'2009-12-01'),(138,'Dog A','Cacao, Coffee, Chili Imperial Anniversary Stout.','05/2012','Our anniversary stout was based on AB:04, one of our most sought after beers ever. This beer is slightly different each year, with subtle variations coming into play purely down to environmental and fermentation factors. What doesn\'t change is the rich dark chocolate, bitter coffee and chili warmth of this monumental stout.','https://images.punkapi.com/v2/138.png',15,90,1003,1120,100,50,4.4,98,20,25,19,'Based on AB:04, but with added vanilla and 3.5 times the chili.','Based on AB:04, but with added vanilla and 3.5 times the chili.','Sam Mason <samjbmason>',6,'2012-05-01'),(139,'Born To Die','Terminally Hoppy India Pale Ale.','03/2015','Savagely bitter, exceptionally dry, this IPA is born to die on a predetermined day. It proudly displays its short-lived life span front and centre. There is no better time to drink this than the moment you get your paws on it. Awesome bitterness backed up by unrelenting aromas of resin, citrus, and juicy fruit. Born To Die is a eulogy to the hops that sacrificed themselves in its creation. An incredibly ambitious and satisfying small batch brew.','https://images.punkapi.com/v2/139.png',8.5,85,1007,1072,15,7.5,4.4,90.3,20,25,18,NULL,NULL,'Sam Mason <samjbmason>',6,'2015-03-01'),(140,'Pioneer - IPA Is Dead','Single Hop India Pale Ale.','03/2015','2015 IPA is Dead Series. Pioneer hails from the hop gardens of Kent, and for those expecting something classically English, they surprise with an unforeseen blast of lemony citrus. Bookended with a herbal, cedar quality, these high alpha UK hops pack a pithy zing not often seen from these hop-growing isles.','https://images.punkapi.com/v2/140.png',7.2,100,1010,1064,12,6,4.4,84,20,25,19,NULL,NULL,'Sam Mason <samjbmason>',1,'2015-03-01'),(141,'Cap Dog (w/ Cap Brewery)','Black Cascara IPA.','08/2014','A collaboration by BrewDog and CAP with Cascara green unroasted cherry coffee beans.','https://images.punkapi.com/v2/141.png',9,80,1014,1083,180,90,5.2,83.1,20,25,21,'Cascara: 500g','Cascara: 500g','Sam Mason <samjbmason>',6,'2014-08-01'),(142,'Orange Blossom - B-Sides','Citrus Wheat Braggot.','08/2015','Orange blossom honey braggot. A floral easy drinker with a hint of citrus.','https://images.punkapi.com/v2/keg.png',3.8,20,1000,1039,6,3,5.2,87,20,25,20,'Orange blossom honey: 1kg in FV.','Orange blossom honey: 1kg in FV.','Matt Ball <GeordieMatt>',1,'2015-08-01'),(143,'Lizard Bride - Prototype Challenge','Fruit Infused Sour IPA.','07/2015','Wonderfully tart, bitter, piney and filled with the fruity elements from raspberries, blueberries and sour cherries. Oh, and it’s purple.','https://images.punkapi.com/v2/143.png',5.7,35,1009,1053,25,12.5,4.4,79.3,20,25,17,'Blackcurrant: 65g at FV, Sour Cherry: 65g at FV, Blueberry: 65g at FV, Sea Buckthorn: 65g at FV, Cranberry: 65g at FV, Blackberry: 65g at FV, Sweet cherry: 65g at FV','Blackcurrant: 65g at FV, Sour Cherry: 65g at FV, Blueberry: 65g at FV, Sea Buckthorn: 65g at FV, Cranberry: 65g at FV, Blackberry: 65g at FV, Sweet cherry: 65g at FV','Sam Mason <samjbmason>',1,'2015-07-01'),(144,'Tokyo*','Intergalactic Stout. Rich. Smoky. Fruity.','06/2009','Our most involved beer, Tokyo* is an Imperial Stout brewed with copious amounts of specialty malts, jasmine and cranberries, dry-hopped with a bucket-load of our favourite hops and then carefully aged on toasted French oak chips. It’s all about moderation. Everything in moderation, including moderation itself...','https://images.punkapi.com/v2/144.png',16.2,85,1028,1157,250,127,4.4,82.2,20,25,21,'Cranberry: 25g at end, Jasmine: 25g at end, Muscovado sugar: 300g at middle, Oak chips: 15g at FV','Cranberry: 25g at end, Jasmine: 25g at end, Muscovado sugar: 300g at middle, Oak chips: 15g at FV','Sam Mason <samjbmason>',11,'2009-06-01'),(145,'Sorachi Bitter - B-Sides','Sorachi Ace Bitter.','03/2015','Pilot Brew: A twist on an English Bitter style beer, using Sorachi Ace hops throughout making a showcase of the off the dill and lemon character.','https://images.punkapi.com/v2/keg.png',6.3,130,1010,1060,14,7,5.2,83,20,25,20,'This beer was unfiltered to give it a traditional ale appearance, Indian Coriander: 2.5g at end','This beer was unfiltered to give it a traditional ale appearance, Indian Coriander: 2.5g at end','Sam Mason <samjbmason>',1,'2015-03-01'),(146,'Nelson Sauvin','Single Hop IPA Series – 2011.','01/2011','Nelson is a love it or hate it kinda hop. We are cool with that, if we wanted to keep everyone happy we would be brewing Fosters anyway. Sharp as a razor, this New Zealand hop slices its way through your taste buds and is brutally resinous, almost scraping the intense Flavours of passion fruit along your poor tongue. There is a huge depth of tropical fruit Flavour with astringent gooseberry balanced against the robust malt base. Throw another shrimp on the barbie mate and you are all set. New Zealand is near Austria, right?','https://images.punkapi.com/v2/146.png',7.5,75,1013,1068,30,15,4.4,82.1,20,25,19,NULL,NULL,'Sam Mason <samjbmason>',1,'2011-01-01'),(147,'Hello My Name Is Little Ingrid','Cloudberry Session IPA.','03/2015','This beer hits all the high-points of Hello My Name is Ingrid – with one important exception. Brewed at 4.4% abv, Little Ingrid is a session- strength version of our cloudberry- infused celebration of all that is epic about Sweden. The zesty balance of citrus from the four different hops is just as pronounced as in the original.','https://images.punkapi.com/v2/147.png',4.4,35,1012,1045,30,15,4.4,73.3,20,25,19,'Cloudberries: 27.5g at end','Cloudberries: 27.5g at end','Sam Mason <samjbmason>',1,'2015-03-01'),(148,'AB:02','Triple Dry Hopped Imperial Red Ale.','05/2010','The second installation in the Abstrakt Concept beer line up. All the benefits of a malty biscuited red ale, layered with tons of hops. We recommend ageing this beer for 6 months. Try one now, and one for later.','https://images.punkapi.com/v2/148.png',18,70,1010,1150,57,28.5,4.4,93.3,20,25,22,'Add white sugar to the fermentation to keep the yeast fermenting and produce more alcohol','Add white sugar to the fermentation to keep the yeast fermenting and produce more alcohol','Sam Mason <samjbmason>',6,'2010-05-01'),(149,'AB:03','Barrel-Aged Imperial Ale.','09/2008','This Abstrakt started life as a simple imperial Ale, but upon the addition of fresh Scottish raspberries and strawberries, and left to mature for 2 years in Invergordon whisky casks that had held whisky for over 40 years, this beer transcended into something new.','https://images.punkapi.com/v2/149.png',10.5,14,1013,1093,NULL,NULL,4.4,80,20,25,19,'Strawberries: 1kg, Raspberries: 1kg, Oak Chips: 75g','Strawberries: 1kg, Raspberries: 1kg, Oak Chips: 75g','Sam Mason <samjbmason>',1,'2008-09-01'),(150,'AB:13','Cask-Aged Cherry Imperial Stout.','01/2012','A cherry imperial stout aged in ex- sherry whisky barrels. Based on the classic German Schwarzwald (Black Forest) dessert. Intense dark fruit Flavours of cherry, plum, raisin and currant, coupled with deep bitter chocolate, espresso and a full- bodied coffee and cream character.','https://images.punkapi.com/v2/150.png',11.3,50,1020,1098,164,83,4.4,79.6,20,25,20,'Lactose: 125g at middle, Sour cherries: 187.5g at middle','Lactose: 125g at middle, Sour cherries: 187.5g at middle','Sam Mason <samjbmason>',6,'2012-01-01'),(151,'Rhubarb Saison - B-Sides','Spiced Rhubarb Saison.','10/2015','Spiced peppercorn and rhubarb Saison.','https://images.punkapi.com/v2/keg.png',6.4,25,1008,1052,10,5,5.2,87,20,25,20,NULL,NULL,'Sam Mason <samjbmason>',3,'2015-10-01'),(152,'Deaf Mermaid - B-Sides','Light Pale Ale.','04/2015','A keg-only summer special, hop- bursted and dry-hopped to infinity.','https://images.punkapi.com/v2/keg.png',5.2,65,1010,1048,16,8,5.2,79,20,25,19,'Most of the hops are added in the whirlpool and dry hop stages','Most of the hops are added in the whirlpool and dry hop stages','Sam Mason <samjbmason>',1,'2015-04-01'),(153,'Hoppy Saison - B-Sides','Hop Yeast Synergy.','03/2015','Hoppy citrus and tropical fruit Saison.','https://images.punkapi.com/v2/keg.png',6.4,40,1010,1059,8,4,5.2,87,20,25,20,NULL,NULL,'Sam Mason <samjbmason>',18,'2015-03-01'),(154,'No Label','Dry Hopped Kölsch.','10/2015','No Label is a postmodern, postgender non-binary brew; the world’s first beer made with transgender hops. Brewed with whole hop bines that have spontaneously changed from female to male, no label goes its own way. No Label balances a light, biscuity dryness from the malt base with delicate hints of fruity esters gifted by the fermentation. Finally, dry- hopping adds a layer of new world tropical & pine Flavours that add a unique twist to this classic Kölsch style beer. All profits from the sales of this beer were donated to LGBTQI+ events organisers Queerest of the Queer.','https://images.punkapi.com/v2/154.png',4.5,25,1009,1043,10,5,4.2,79.1,20,25,15,NULL,NULL,'Sam Mason <samjbmason>',1,'2015-10-01'),(156,'Old World Russian Imperial Stout','Russian Imperial Stout.','10/2011','This Old World Stout perfectly recreates the export stouts of years gone by; brewed to imperial strength to avoid freezing during its journey across the Baltic Sea to snowy Moscow. Full bodied with huge chocolate, coffee and roast Flavours, this imperial stout employs a variety of hops to add enough bitterness and hop complexity to balance the huge malt sweetness and rich mocha and molasses Flavours.','https://images.punkapi.com/v2/155.png',9.5,80,1014,1075,195,97.5,4.5,81.3,20,25,19,NULL,NULL,'Sam Mason <samjbmason>',6,'2011-10-01'),(157,'Hoppy Christmas','Simcoe Single-Hop India Pale Ale.','10/2012','Pineapple, citrus and papaya; single-hopped with Simcoe, Hoppy Christmas is an anti-festive IPA, redolent with summery Flavours. Small caramel malt additions provide a touch of malt complexity. Simcoe, arguably our favourite hop, carries this beer - pine, tropical fruit and bitterness are its specialities.','https://images.punkapi.com/v2/156.png',7.2,70,1012,1067,30,15,4.4,82.1,20,25,19,NULL,NULL,'Sam Mason <samjbmason>',1,'2012-10-01'),(158,'Edge','Dark Full-Bodied Cask Ale','12/2007','Low ABV, high Flavour, this beer was brewed to show that a beer can have all the Flavour without the drunken affects. Also this beer is one of BrewDog\'s original brews that made a rare appearance in cask. Spicy, malty biscuit and super drinkable.','https://images.punkapi.com/v2/cask.png',2.7,36,1010,1033,57,29,4.4,70.8,20,25,19,NULL,NULL,'Sam Mason <samjbmason>',1,'2007-12-01'),(159,'Hello My Name Is Zé (w/ 2Cabeças)','Passionfruit IPA - 2Cabecas Collab.','03/2014','Punk multiplied by Jack Hammer, divided by passionfruit with some Brazilian spirit factored in too. A well-rounded IPA, with bags of tropical Flavour boosted by the addition of passionfruit, which unsurprisingly dominates the aroma of this summery IPA.','https://images.punkapi.com/v2/158.png',6.4,50,1012,1061,20,10,4.4,80.3,20,25,19,'Passionfruit: 438g at End','Passionfruit: 438g at End','Sam Mason <samjbmason>',1,'2014-03-01'),(160,'Black Tokyo Horizon (w/Nøgne Ø & Mikkeller)','Imperial Stout Collaboration.','12/2010','Special Collaboration between Nøgne, Mikkeller and BrewDog which is a recipe based on all three brewers’ big stouts; Nøgne Ø Dark Horizon, Mikkeller Black and BrewDog Tokyo*.','https://images.punkapi.com/v2/159.png',17.2,75,1030,1156,128,64,4.4,80.8,20,25,21,NULL,NULL,'Sam Mason <samjbmason>',6,'2010-12-01'),(161,'Restorative Beverage For Invalids And Convalescents','An Extract Taken From \"A Treatise on Food and Diet\" By Dr Jonathan Pereira, 1843.','02/2015','Brewed to 8.5%, light as a mass market Pilsner in colour, fermented to be as dry as a Lambic, but as bitter as any double IPA and loaded with as much hop aroma as we can get into a beer. The fermentables in this beer were Maris Otter Extra Pale along with plenty of sugar as we mashed at a very low temperature to ensure maximum fermentability and attenuation. This beer is fermented within an inch of its life making it dry, sheer and bright. Citra, Amarillo & Centennial were all used in abundance in the kettle and also fired extremely liberally at this beer with our high tech hop cannon.','https://images.punkapi.com/v2/160.png',8.5,100,1003,1068,15,7.5,4.4,95.6,20,25,21,NULL,NULL,'Sam Mason <samjbmason>',6,'2015-02-01'),(162,'Tokyo Rising Sun - Highland','A Beautiful Accident.','06/2009','A forgotten gem in the deepest, darkest corner of the warehouse. Aged in a Highland whisky cask resulting in a viscous slow motion roller coaster of powdered cacao, hints of burning pirate ships, salted caramel, sharp berries and toasted marshmallow.','https://images.punkapi.com/v2/161.png',13.2,85,1023,1125,140,71,4.4,82.17,20,25,21,'Cranberry: 25g at end, Jasmine: 25g at end, Muscovado sugar: 500g at start, Oak chips soaked in lowland whisky: 15g at dry hop','Cranberry: 25g at end, Jasmine: 25g at end, Muscovado sugar: 500g at start, Oak chips soaked in lowland whisky: 15g at dry hop','Sam Mason <samjbmason>',11,'2009-06-01'),(163,'77 Lager','Artisan Rebel Pilsner.','12/2008','Think of everything you know about lagers. Then forget it all instantly. 77 will redefine the experience forever. A Lager that actually tastes of something? You have to be kidding, right? 77 lager is made with 100% malt and whole leaf hops. It contains no preservatives, additives, cheap substitutes or any other junk. Maybe we are crazy. So what? Taste 77 Lager and we are pretty sure you will agree that the fine line between genius and insanity has just become a little more blurred.','https://images.punkapi.com/v2/162.png',4.9,30,1009,1047,12,6,4.4,80.7,20,25,10,NULL,NULL,'Mike Francis <mikeffrancis@gmail.com>',2,'2008-12-01'),(164,'This. Is. Lager','21st Century Pilsner. Sharp. Robust. Honest.','08/2014','Brewed with 100% malt, ten times the hops of most industrial lagers and cold-conditioned for five weeks, this spicy, robust Pilsner is lager reborn. Expect a robust, full-bodied malt character on the front of the tongue, spicy citrus notes as it goes back through the palate and an assertive bitter finish with a lemon and pepper character to round things off.','https://images.punkapi.com/v2/163.png',4.7,37,1007,1043,10,6,4.2,83.7,20,25,12,NULL,NULL,'Sam Mason <samjbmason>',2,'2014-08-01'),(165,'Ella - IPA Is Dead','Single Hop India Pale Ale.','03/2015','2015 IPA is Dead Series. Supremely floral, this hugely under-rated hop is related to Galaxy and was first cultivated in the Australian state of Victoria. Initially given the same name as a certain Eurolager, their lawyers got involved and the St- prefix was dropped. Ella displays subtle notes of spice, but is fundamentally a truly floral bouquet, redolent of the Southern Hemisphere.','https://images.punkapi.com/v2/164.png',7.2,100,1010,1064,12,6,4.4,84,20,25,19,NULL,NULL,'Sam Mason <samjbmason>',1,'2015-03-01'),(166,'Barley Wine - Russian Doll','Double India Pale Ale.','06/2014','Russian Doll was an experimental set of brews showcasing the effects of varying the amount and ratio of malts in the grist. The barley wine had rich, chewy dark fruit aromas balanced with a spike of zesty hops. Toffee, apricot jam and grapefruit pith, crammed into the head of our little Russian Doll family.','https://images.punkapi.com/v2/165.png',10,80,1020,1097,65,32.5,4.4,79.4,20,25,21,NULL,NULL,'Sam Mason <samjbmason>',6,'2014-06-01'),(167,'Vagabond Pale ALe - Prototype Challenge','Gluten Free Beer. Toffee. Piney. Fruitcake.','11/2014','A foundation of caramel malt is buttressed by a raucously resinous bitterness, as the rioting backdrop of citrus and tropical fruit flow in waves from those twin titans of the US – Centennial and Amarillo. And it also happens to be gluten free.','https://images.punkapi.com/v2/166.png',4.5,55,1011,1045,20,10,4.2,73.9,20,25,19,NULL,NULL,'Sam Mason <samjbmason>',1,'2014-11-01'),(168,'Libertine Black Ale','The New Black. Roasty. Hoppy. Fruity.','03/2012','A dark hop bomb combining the malt-forward indulgences of a stout with the insatiable hopload of an IPA. Rich spiced blackcurrant and caramel up front, with a sharp bitter finish following behind, bringing grapefruit and resin with it. Dry, bitter and intense; this is an IPA first and foremost, given a dark malt makeover. Originally brewed as a Simcoe only single hop IPA, we\'ve experimented with adding a little Cascade and Mosaic for extra depth.','https://images.punkapi.com/v2/167.png',7.2,50,1013,1068,150,76,4.4,78.6,20,25,19,NULL,NULL,'Sam Mason <samjbmason>',6,'2012-03-01'),(169,'Jack Hammer','Ruthless India Pale Ale. Hoppy. Bitter. Hoppy.','06/2012','Hopped beyond the point at which IBUs are measurable, only the most hardened palate will get beyond Jack Hammer\'s intensely resinous pithy bitterness and to the grapefruit, orange zest and dry biscuity malt beyond. You could brew this with less hops, but really, why would you bother?','https://images.punkapi.com/v2/168.png',7.2,250,1010,1065,15,7.5,4.4,84.6,20,25,21,NULL,NULL,'Sam Mason <samjbmason>',6,'2012-06-01'),(170,'AB:19','A Blend of Two Barrel-aged Imperial Saisons.','06/2012','One of the most complex beers we’ve ever attempted. A blend of two barrel-aged Imperial Saisons – one black, one red – which has in turn then been aged in rum barrels, it is an enormous, intricate beer. A baseline of warm, smoky raisin and plum, followed by punchy Flavour elements coming to the fore – coconut, mint and blackcurrant. There’s a long undercurrent of treacle toffee, before the finish darkens to liquorice, star anise amidst a touch of honey sweetness.','https://images.punkapi.com/v2/169.png',13.1,NULL,NULL,NULL,NULL,NULL,NULL,NULL,20,25,NULL,'This beer is an odd one in our collection as it is a blend of two recipes that feature elsewhere. These recipes are #123 Everyday Anarchy and #124 Black Jacques. Both Imperial Saisons spent a little under a year in white and red wine barrels respectively. However, while the pair were being tasted to determine their readiness to be released, a fun game of blending turned into a light bulb moment. The beers were blended and laid down once more in our barrel cellar, this time being infused with the heady note of rum. We were so excited about this mystical blend that we ended up using up all the beer that had been lovingly aged. It would have been a travesty for these beers to go unrecognised as the unique individuals they were, so we brewed them again in 2013 to be released as had always been intended. Age the individual beers separately before blending and ageing further on oak chips soaked in rum.','This beer is an odd one in our collection as it is a blend of two recipes that feature elsewhere. These recipes are #123 Everyday Anarchy and #124 Black Jacques. Both Imperial Saisons spent a little under a year in white and red wine barrels respectively. However, while the pair were being tasted to determine their readiness to be released, a fun game of blending turned into a light bulb moment. The beers were blended and laid down once more in our barrel cellar, this time being infused with the heady note of rum. We were so excited about this mystical blend that we ended up using up all the beer that had been lovingly aged. It would have been a travesty for these beers to go unrecognised as the unique individuals they were, so we brewed them again in 2013 to be released as had always been intended. Age the individual beers separately before blending and ageing further on oak chips soaked in rum.','Sam Mason <samjbmason>',NULL,'2012-06-01'),(171,'Bashah (w/ Stone Brewing Co)','Black Belgian Double IPA.','08/2009','Brewed when our good friends from Stone visited in 2009. Black As Sin, Hoppy As Hell - no other beer name has quite hit the nail so squarely on the head. Dark roasted malt makes a beautiful canvas for the savage hop bitterness, pine needles and orange zest.','https://images.punkapi.com/v2/170.png',9.7,100,1015,1088,30,15.3,4.4,83,20,25,19,NULL,NULL,'Sam Mason <samjbmason>',4,'2009-08-01'),(172,'Challenger','Single Hop India Pale Ale – 2012.','02/2012','Challenger is known for its herbal and fruity characteristics. When used alone in a beer like IPA is Dead, Challenger brings light woodsy notes, floral hints, and delicate green tea, alongside more recognisable citrus notes. As a dual-purpose hop, it also yields great bittering potential, which is ideal in a dry bitter IPA.','https://images.punkapi.com/v2/171.png',6.7,67,1013,1064,19,9.5,4.4,79.7,20,25,19,NULL,NULL,'Sam Mason <samjbmason>',1,'2012-02-01'),(173,'Single Hop Enigma IPA - B-Sides','Enigma Hopped IPA.','01/2016','A cheeky play with a new hop on the pilot kit. Expect notes of redcurrant, melon and citrus. An intriguing possibility for the future.','https://images.punkapi.com/v2/keg.png',5,50,1011,1050,10,5,4.4,78,20,25,19,NULL,NULL,'Sam Mason <samjbmason>',16,'2016-01-01'),(174,'Chinook - IPA Is Dead','Single Hop India Pale Ale.','03/2015','2015 IPA is Dead series. Often used as a combination hop for American Pale Ales and IPAs, Chinook can really shine when left to front a beer all on its own. The main reason for this is that it’s thunderously piney, with a fistful of spice kicked up in your face as you lie on the beach. A true heavyweight of the brewing industry.','https://images.punkapi.com/v2/173.png',7.2,100,1010,1064,12,6,4.4,84,20,25,19,NULL,NULL,'Sam Mason <samjbmason>',1,'2015-03-01'),(175,'Konnichiwa Kitsune','Hello My Name Is Yuzu.','10/2014','Named in a slight deviation from our Hello My Name Is series, Konnichiwa Kitsune is a Japanese- inspired, yuzu-infused Imperial IPA, brewed with Amarillo, Cascade and Citra. These punchy new world hops bring orange, grapefruit and lime to back up the yuzu aroma and Flavour. Big mandarin notes, balanced against a caramel malt biscuity base.','https://images.punkapi.com/v2/174.png',4.4,70,1012,1045,30,15,4.4,82.9,20,25,20,'Yuzu juice: 250g at FV','Yuzu juice: 250g at FV','Sam Mason <samjbmason>',6,'2014-10-01'),(176,'San Diego Scotch Ale (w/Ballast Point)','Imperial Scotch Ale With Rum & Raisin.','07/2012','Whisky cask aged with raisins soaked in rum. Warm, chocolatey and boozy with refreshing resinous bitterness and a lingering toasty biscuit background from the malt. Toasted oak comes courtesy of the barrels and spicy, sweet, dark fruit Flavours from the rum soaked raisins.','https://images.punkapi.com/v2/175.png',9,70,1018,1090,190,95,4.4,80,20,25,21,'Age in whisky casks with rum soaked raisins','Age in whisky casks with rum soaked raisins','Sam Mason <samjbmason>',6,'2012-07-01'),(177,'Old World India Pale Ale','English India Pale Ale.','10/2011','This recreated the epic IPAs that were sent on monumental ocean voyages from England to India by sea in the 1800s. Medium bodied with a complex malt profile, backed up with intense bitterness and a woodsy, earthy rich English hop character.','https://images.punkapi.com/v2/176.png',7.5,80,1012,1069,50,25,4.4,82.6,20,25,22,NULL,NULL,'Sam Mason <samjbmason>',6,'2011-10-01'),(178,'Dog D','Anniversary Imperial Stout.','05/2015','Dog D is an extra special brew, marking 8 years of BrewDog. Like Dog A, B & C before it, Dog D is an Imperial Stout with speciality ingredients, only this time we’ve barrel-aged it too. Dog D pours like dark matter into your glass, with a deep tan head. The nose is subtle but powerful, and on the palate, there’s a treacle toffee backbone, supporting the spicy hop Flavour and naga chilli heat.','https://images.punkapi.com/v2/177.png',16.1,85,1015,1125,400,200,4.3,84,20,25,21,'Add 1 naga chilli in the FV','Add 1 naga chilli in the FV','Joakim Skoog <joakimskoog>',6,'2015-05-01'),(179,'Simcoe','Single Hop India Pale Ale.','01/2012','A special release of our IPA is Dead series - IPA is Dead Simoce. Hopped to hell with citrusy bitter and aroma hops from the West Coast of the USA. Bitter, orange, mandarin, floral, this IPA showcases the best the west has to offer.','https://images.punkapi.com/v2/178.png',6.7,70,1012,1063,30,15,4.4,81,20,25,99,NULL,NULL,'Sam Mason <samjbmason>',1,'2012-01-01'),(180,'How To Disappear Completely','Fake Fix Double IPA.','04/2009','Jam-packed with two of our favourite hops - Columbus and Centennial, it has 198 (yes one hundred and ninety eight) theoretical IBUs. We use a lot of caramalt, some amber malt and some chocolate malt to give the little beer as much body and mouthfeel as possible and the ability to handle all the hops we threw at it. We think this beer is the world’s first ever Imperial Mild. Imperial in terms of hop profile. An Imperially Hopped Mild. BrewDog’s Imperial Mild. How to Disappear Completely.','https://images.punkapi.com/v2/179.png',3.5,198,1010,1037,37,19,4.4,73,20,25,19,NULL,NULL,'Sam Mason <samjbmason>',4,'2009-04-01'),(181,'Doodlebug','Hoppy Sub-Session Pale Ale.','09/2015','Doodlebug is our fusion of low strength and enormously high tropical hop levels – think a mashup of Hop Fiction and How to Disappear Completely, and you’re almost there. Clocking in at 2.8% ABV, Doodlebug is keg-only and is packed with Amarillo, Chinook and Mosaic; letting fly a hoppy buzzbomb at sub-session-strength.','https://images.punkapi.com/v2/keg.png',2.5,35,1008,1027,10,5,4.2,70.4,20,25,19,NULL,NULL,'Lars Gregori <choas>',1,'2015-09-01'),(182,'Vic Secret','Single Hop India Pale Ale.','10/2013','Piney, citrusy and resinous with herbal notes, Vic Secret is dual-purpose (Flavour & bitterness) perfect for brewing up a single hop IPA.','https://images.punkapi.com/v2/keg.png',7.4,70,1012,1069,30,15,4.4,82.6,20,25,19,NULL,NULL,'Ali Skinner <AliSkinner>',1,'2013-10-01'),(183,'All Day Long - Prototype Challenge','Malty Low ABV Ale.','11/2014','Prototype Challenge 2014. All Day Long is a mild like no other. This complex, low-alcohol brew was the third of our 2014 Prototypes. Featuring a boatload of seven different speciality malts and some of our favourite hops, this beer is resinous at first, transitioning into something akin to bitter orange marmalade spread onto a thick bread crust. This is for everyone who said BrewDog would never brew a mild...','https://images.punkapi.com/v2/182.png',2.8,30,1012,1032.5,42,21,4.4,63.1,20,25,22,NULL,NULL,'Sam Mason <samjbmason>',1,'2014-11-01'),(184,'Nuns With Guns','Dry-Hopped Lager.','11/2012','A dry-hopped Session Pilsner. At 4.2% this amber-hued lager packs a malty punch with toasty Munich character and a light caramel sweetness. From here, things take a sharp turn towards the hoppy Flavour, with some serious US citrus packed classic hops.','https://images.punkapi.com/v2/183.png',4.2,25,1012,1044,19,9.5,4.4,72.7,20,25,16,NULL,NULL,'Sam Mason <samjbmason>',2,'2012-11-01'),(185,'Atlantic IPA Ale','IPA Of Yesteryear.','12/2008','Like IPA historically would have been. Part of this beer was aged on a fishing boat in an oak cask and released as \"Atlantic IPA\".','https://images.punkapi.com/v2/184.png',8,80,1013,1074,55,13,4.4,82,20,25,19,NULL,NULL,'Sam Mason <samjbmason>',13,'2008-12-01'),(186,'Tactical Nuclear Penguin','Uber Imperial Stout.','09/2009','This beer is about pushing the boundaries, it is about taking innovation in beer to a whole new level. Dark and decadent, plum, treacle and roast coffee are amplified beyond any stout you\'ve had before.','https://images.punkapi.com/v2/185.png',32,1157,1028,1157,250,127,4.4,82.2,20,25,21,'Cranberry: 25g at end, Jasmine: 25g at end, Muscovado sugar: 300g at start, Oak chips: 15g at FV','Cranberry: 25g at end, Jasmine: 25g at end, Muscovado sugar: 300g at start, Oak chips: 15g at FV','Sam Mason <samjbmason>',11,'2009-09-01'),(187,'Jasmine IPA','Floral & Fruity India Pale Ale.','03/2014','This has big floral aromas backed up with some of our favourite fruity hop Flavours. Bitter, bright and refreshing, our Jasmine IPA is a perfect spring beer for drinking outside (under a patio heater, with a pair of gloves on).','https://images.punkapi.com/v2/keg.png',5.8,40,1014,1060,35,17.5,4.4,76.7,20,25,19,'Jasmine addition in cold conditioning','Jasmine addition in cold conditioning','Sam Mason <samjbmason>',1,'2014-03-01'),(188,'Lichtenstein Pale Ale','Us-Hopped Rye Pale Ale.','01/2013','Dry-hopped with some of our hop heroes, bringing incredibly fruity aromas of zesty orange, pithy grapefruit, pungent pine and resin, backed up with spicy, toasty malt Flavours of toffee, biscuit, rye bread and toast crust.','https://images.punkapi.com/v2/187.png',5.2,50,1010,1050,17,8.5,4.4,80,20,25,19,NULL,NULL,'Sam Mason <samjbmason>',1,'2013-01-01'),(189,'Paradox Jura','Ubiquitous Imperial Stout.','06/2010','Paradox. Reloaded. In 2011 we put Paradox into high gear to create an Imperial Stout destined for ageing. Loaded with dark roasted malts for a full bodied, toasted background, an array of bitter, earthy and resinous hops, and brewed with oats for a bold mouthfeel. This beer is the perfect canvas for barrel ageing.','https://images.punkapi.com/v2/188.png',10,55,1014,1128,300,152,4.4,89,20,25,21,'Try ageing on oak chips, infusing with rum raisins, or vanilla pods','Try ageing on oak chips, infusing with rum raisins, or vanilla pods','Sam Mason <samjbmason>',6,'2010-06-01'),(190,'AB:11','Black Barley Wine With Ginger, Raspberries, Chipotle Peppers.','08/2012','AB:11 is an Imperial Black Barley Wine brewed with ginger, black raspberries and chipotle peppers. A 12.8% rollercoaster of ginger zestiness and chipotle smokiness, all bound together with dark berry tartness and the decadent residual body of a Black Barley Wine.','https://images.punkapi.com/v2/189.png',12.8,70,1020,1108,79,40,4.4,81.5,20,25,18,'Grated ginger root: 62.5g for 45mins, Add chipotle peppers and raspberries into the FV post- fermentation, Chipotle','Grated ginger root: 62.5g for 45mins, Add chipotle peppers and raspberries into the FV post- fermentation, Chipotle','Sam Mason <samjbmason>',6,'2012-08-01'),(191,'Hello My Name is Sonja (w/ Evil Twin)','Blueberry Double IPA.','09/2013','Brewed in collaboration with Jeppe from Evil Twin Brewing (and named after his mum), this Double IPA is big on fruity Flavours. Single hopped with Mosaic for lots of tropical, passion fruit and citrus Flavours. Loaded with well over 100kg of blueberries, the original was one super fruity hop bomb.','https://images.punkapi.com/v2/190.png',8.3,70,1013,1076,30,15,4.4,82.9,20,25,21,NULL,NULL,'Ali Skinner <AliSkinner>',6,'2013-09-01'),(192,'Interstellar','2013 Prototype Red Rye IPA.','11/2013','Interstellar is a Red Rye IPA with spicy rye Flavours from the malt and with great all-round spicy, fruity and earthy hop aromas from the use of Willamette and Amarillo.','https://images.punkapi.com/v2/191.png',6.5,55,1011,1059,50,25,4.4,81.4,20,25,19,NULL,NULL,'Ali Skinner <AliSkinner>',1,'2013-11-01'),(193,'Punk IPA 2007 - 2010','Post Modern Classic. Spiky. Tropical. Hoppy.','04/2007','Our flagship beer that kick started the craft beer revolution. This is James and Martin\'s original take on an American IPA, subverted with punchy New Zealand hops. Layered with new world hops to create an all-out riot of grapefruit, pineapple and lychee before a spiky, mouth-puckering bitter finish.','https://images.punkapi.com/v2/192.png',6,60,1010,1056,17,8.5,4.4,82.14,20,25,19,NULL,NULL,'Sam Mason <samjbmason>',1,'2007-04-01'),(194,'Blitz Berliner Weisse','Berliner Fruit Beer.','07/2013','Our sour recipe for all fruit Blitz beers uses a process called kettle souring. In this we steep a bag of malt in the wort to allow the bacteria to grow in it.','https://images.punkapi.com/v2/keg.png',3,8,1040,1007,9,4.5,3.2,82.5,20,25,19,'Before main fermentation steep a bag of malt in the wort for 48 hours. Re boil the wort before pitching in the yeast for the main fermentation.','Before main fermentation steep a bag of malt in the wort for 48 hours. Re boil the wort before pitching in the yeast for the main fermentation.','Ali Skinner <AliSkinner>',1,'2013-07-01'),(195,'Hardkogt IPA','A Special Double IPA For Our Danish Friends.','06/2010','Brewed for the beer maniacs in Denmark, this Double IPA quivered with kumquat, kiwi and orange pith all held together with a honeycomb malt body.','https://images.punkapi.com/v2/194.png',7.6,175,1014,1072,40,20,4.4,80.6,20,25,21,NULL,NULL,'Sam Mason <samjbmason>',6,'2010-06-01'),(196,'Hello My Name Is Holy Moose','Nordic Berry IPA.','07/2015','Cloudberry, lingonberry, blueberry and sea buckthorn meld with citrusy hops in an intensely sweet, fruity and floral aroma, with toasty malt notes and tropical fruit bursts. This bitter, resinous IPA follows up with a lemony punch in the mouth - cherry and blueberry sourness takes this pithy pale ale in a new direction before a long, dry finish.','https://images.punkapi.com/v2/195.png',5.5,35,1011,1053,25,12.5,4.4,79.3,20,25,17,'Lingon Berries: 25g at end, Cloudberries: 25g ate end, Blueberry Concentrate: 62.5g at FV, Sea Buckthorn: 62.5g at FV','Lingon Berries: 25g at end, Cloudberries: 25g ate end, Blueberry Concentrate: 62.5g at FV, Sea Buckthorn: 62.5g at FV','Sam Mason <samjbmason>',1,'2015-07-01'),(197,'Catherine\'s Pony (w/ Beavertown)','Imperial Smoked Porter – Beavertown Collab.','12/2012','An Imperial Smoked Porter with a nose like gooseberries and blueberries, stuffed with coffee, covered in chocolate and toasted on a campfire by the beach, Catherine’s Pony is robust and imposing with a herculean mouthfeel. Rich and smooth with roasted smoky Flavours battling for prominence over the assertive bitterness. A satisfying hoppiness rounds off the palate.','https://images.punkapi.com/v2/196.png',8.8,40,1017,1084,190,95,4.5,79.8,20,25,21,'Coffee at end for Flavour','Coffee at end for Flavour','Sam Mason <samjbmason>',6,'2012-12-01'),(198,'Moshi Moshi 15','American Pale Ale Birthday Beer.','11/2013','A riot of C-hops, with layers of grapefruit, lime zest, pine needles, freshly cut grass, pungent resin, layered up on toasty malt with a touch of caramel sweetness.','https://images.punkapi.com/v2/197.png',5.2,45,1011,1048,35,17.5,4.4,77.1,20,25,19,NULL,NULL,'Ali Skinner <AliSkinner>',1,'2013-11-01'),(199,'AB:01','Vanilla Bean Infused Belgian Quad.','02/2010','Made with the yeast from a bottle of Westvleteren 12, aged with vanilla beans. Only available in 375ml bottles. Limited to 3200 bottles. The first in our Abstrakt series.','https://images.punkapi.com/v2/198.png',10.2,20,1018,1095,16,8,4.1,8.1,20,25,22,'Two split vanilla pods in cold conditioning','Two split vanilla pods in cold conditioning','Sam Mason <samjbmason>',19,'2010-02-01'),(200,'Alice Porter','Enigmatic Dark Alchemy.','09/2010','First brewed in 2010, Alice Porter returned as a seasonal in 2015. The beer was originally created and brewed for (real life) Alice Porter’s impending nuptials to the Beer King of Leeds, Matt Gorecki.','https://images.punkapi.com/v2/199.png',5.2,55,1013,1053,165,82.5,5.2,75.5,20,25,19,NULL,NULL,'Sam Mason <samjbmason>',1,'2010-09-01'),(201,'Double IPA - Russian Doll','Nesting Hop Bomb.','08/2014','The levels of hops vary throughout the range. We love hops, so all four beers are big, bitter badasses, but by tweaking the amount of each hop used later in the boil and during dry- hopping, we can balance the malty backbone with some unexpected Flavours. Simcoe is used in the whirlpool for all four beers, and yet still lends different characters to each.','https://images.punkapi.com/v2/200.png',8,85,1013,1074,35,17.5,5.2,82.4,20,25,19,NULL,NULL,'Sam Mason <samjbmason>',1,'2014-08-01'),(202,'Waimea - IPA Is Dead','Single Hop India Pale Ale.','02/2013','Waimea has a new world Flavour, infusing unique fresh crushed citrus aroma and Flavour notes into this IPA - think intense fresh tangelo, citrus fruit and pine needle characteristics. There is a huge depth of Flavour with astringent gooseberry balanced against the robust malt base.','https://images.punkapi.com/v2/201.png',6.7,70,1015,1066,30,15,4.4,77.3,20,25,19,NULL,NULL,'Matt Ball <GeordieMatt>',1,'2013-02-01'),(203,'Dog C','Cacao, Coffee Chili Anniversary Stout.','05/2014','Our anniversary stout was based on AB:04, one of our most sought after beers ever. This beer is slightly different each year, with subtle variations coming into play purely down to environmental and fermentation factors. What doesn\'t change is the rich dark chocolate, bitter coffee and chilli warmth of this monumental stout.','https://images.punkapi.com/v2/202.png',15,90,1003,1120,100,50,4.4,98,20,25,19,'Based on AB:04, but with added vanilla and 3.5 times the chilli.','Based on AB:04, but with added vanilla and 3.5 times the chilli.','Sam Mason <samjbmason>',1,'2014-05-01'),(204,'Bitch Please (w/ 3 Floyds)','Barley Wine - 3 Floyds Collab.','02/2012','This limited edition American Barley Wine was brewed in collaboration with 3 Floyds Brewery. This beer had all the warm, boozy and smoky aspects of an Islay Scotch whisky with the sweet malt and devastatingly bitter attributes of a barley wine. Peat smoke features prominently, backed up with a complex fruity hop profile.','https://images.punkapi.com/v2/203.png',11.5,50,1016,1104,38,19,4.4,85,20,25,21,'Two bars of Highland Toffee at start of boil','Two bars of Highland Toffee at start of boil','Sam Mason <samjbmason>',6,'2012-02-01'),(205,'Cascade, Centennial & Willamette IPA - B-Sides','Pilot Kit IPA.','01/2016','An experiment in balancing hops on the pilot kit. Grapefruit, orange and resin to the fore.','https://images.punkapi.com/v2/keg.png',6.4,65,1011,1060,14,7,5.2,82,20,25,19,NULL,NULL,'Sam Mason <samjbmason>',16,'2016-01-01'),(206,'Shareholder Black IPA 2011','Shareholder Black IPA.','12/2011','Brewed as part of the shareholder brewday at our Fraserburgh brewery. Massively dry hopped and aged on toasted oak chips, this IPA was a riot of lemon, vanilla and roasted malt.','https://images.punkapi.com/v2/keg.png',7.1,80,1014,1067,71,36,4.4,79,20,25,19,'Several dozen brewers!, Toasted oak chips: 75g at FV','Several dozen brewers!, Toasted oak chips: 75g at FV','Sam Mason <samjbmason>',1,'2011-12-01'),(207,'Black Jacques','Red Wine Barrel-Aged Imperial Black Saison.','06/2013','A Black Saison, brewed with oats and wheat for a silky mouthfeel, Spicy hops and Carafa Malt for colour, then aged in red wine barrels. On the nose there\'s cola, chocolate, coffee, mint humbug, warming oak, and spice. The myriad Flavours touch on treacle, ripe banana, espresso, brandy, and a clean herbal warmth.','https://images.punkapi.com/v2/206.png',11.1,45,1005,1089,15,7.5,4.4,94.4,20,25,23,'Grains of paradise: 10g at End (WP), Lemon Peel: 25g at End (WP), Ginger: 7.5g at End (WP)','Grains of paradise: 10g at End (WP), Lemon Peel: 25g at End (WP), Ginger: 7.5g at End (WP)','Sam Mason <samjbmason>',3,'2013-06-01'),(208,'International Arms Race (w/ Flying Dog)','Zero IBU Herbal IPA.','08/2012','The International Arms Race was a new type of battle collaboration between hardcore American craft brewery Flying Dog and BrewDog. Both breweries attempted to brew an IPA with absolutely no hops.','https://images.punkapi.com/v2/207.png',7.5,0,1013,1069,50,25,4.4,81.1,20,25,19,'Juniper Berries: 25g at start, Bay Leaves: 2.75g at start, Rosemary: 7.5g at start, Rosemary: 5g at end, Elderflower: 15g at end, Juniper Berries: 25g at end','Juniper Berries: 25g at start, Bay Leaves: 2.75g at start, Rosemary: 7.5g at start, Rosemary: 5g at end, Elderflower: 15g at end, Juniper Berries: 25g at end','Sam Mason <samjbmason>',1,'2012-08-01'),(209,'Sunshine On Rye - B-Sides','Hoppy Rye IPA.','02/2015','A Pilot Brew \"Sunshine on Rye\" uses loads of spicy malt and coriander to play nice with an inhuman amount of hops!','https://images.punkapi.com/v2/keg.png',7.2,130,1010,1065,14,7,5.2,87,20,25,20,'Indian Coriander: 2.5g','Indian Coriander: 2.5g','Sam Mason <samjbmason>',1,'2015-02-01'),(210,'Stereo Wolf Stout - Prototype Challenge','Dark Audio Storm.','02/2015','Roasty, dark and complex, Stereo Wolf is a 5.2% ABV Stout brewed with a cacophony of hop-driven fruit and spice. Dark chocolate stalks alongside the resonating bitterness, through to Stereo Wolf’s lingering dry finish. Balancing roasty malt and new world hops at 5.2% ABV is no mean feat, but Stereo Wolf takes it in its stride.','https://images.punkapi.com/v2/209.png',5.2,55,1014,1052,200,100,5.2,73.1,20,25,19,NULL,NULL,'Sam Mason <samjbmason>',1,'2015-02-01'),(211,'Dead Metaphor','Scottish Breakfast Stout.','09/2013','Scottish chocolate breakfast Stout - brewed with Brazilian Sertão coffee, Venezuelan cacao and (for the Scottish element) oatmeal. Smooth, chocolately and rich, with a honeycomb mouthfeel and a rich red berry coffee character. Brewed with our beer blogger friends from The Beer Cast and Hopzine.','https://images.punkapi.com/v2/210.png',6.8,30,1016,1068,86,43,4.4,76.5,20,25,19,'Cacao: 37.5g at end, Lactose: 125g at end, Ground Coffee: 6.3g at end.','Cacao: 37.5g at end, Lactose: 125g at end, Ground Coffee: 6.3g at end.','Ali Skinner <AliSkinner>',1,'2013-09-01'),(212,'Black Dog','Hoppy Black Wheat Stout.','11/2009','We thought it would be great if Jeremy Moynier from Stone Brewing Co. brewed his own beer while he was here, with Jeremy deciding everything right down to the name! The result is a special 20HL batch of BlackDog, a 5.5% dark wheat stout with Columbus, Simcoe and Chinook and of course plenty of dry hopping action.','https://images.punkapi.com/v2/keg.png',5.5,60,1020,1062,230,115,4.4,67.7,20,25,19,NULL,NULL,'Phil Nash <philnash>',1,'2009-11-01'),(213,'Hop Fiction - Prototype Challenge','US-Style Pale Ale.','11/2014','Hop Fiction is an explosively tropical US-style Pale Ale. We rolled up our hop-dusted sleeves and put some advanced brewing techniques to work on this seasonal brew. Hop Fiction’s incredible aromas and Flavours are down to a combination of early and late hops. Bags of soft, rounded citrus and stone fruit layer up on a dry light biscuit backbone. Hop Fiction, beer fact.','https://images.punkapi.com/v2/212.png',5.2,40,1010,1048,13,6.5,4.4,79.2,20,25,19,NULL,NULL,'Sam Mason <samjbmason>',1,'2014-11-01'),(214,'El Dorado - IPA Is Dead','Single Hop India Pale Ale.','02/2013','The Pacific North West of America grows remarkable hops and El Dorado is a killer example of this. A new hop on the block, loaded with tropical fruits, pear, watermelon, candy floss and stone fruit.','https://images.punkapi.com/v2/213.png',6.7,70,1015,1066,30,15,4.4,77.3,20,25,19,NULL,NULL,'Matt Ball <GeordieMatt>',1,'2013-02-01'),(215,'Cult Lager','US & New Zeland Hopped Lager','04/2008','A lager that actually tastes of something? You have to be kidding, right? Cult lager is made with 100% malt and whole leaf hops. Maybe we are crazy, so what? Taste our lager and we are pretty sure that you will agree that the fine line between insanity and genius has just become a little more blurred.','https://images.punkapi.com/v2/214.png',5.4,50,1049,1008,19,8,4.1,83.7,20,25,10,NULL,NULL,'Sam Mason <samjbmason>',5,'2008-04-01'),(216,'Brixton Porter','Paradigm-Changing Porter.','11/2013','Brixton Porter delivers bold chocolate and coffee Flavours with light smokiness and hints of autumn fruit all but built on a low ABV, lighter bodied backbone. Complex and intriguing, with spicy bitterness, but very sessionable.','https://images.punkapi.com/v2/215.png',5,50,1014,1053,200,100,4.4,73.6,20,25,19,NULL,NULL,'Ali Skinner <AliSkinner>',1,'2013-11-01'),(217,'Barrel Aged Hinterland','A Most Beguiling Brew. Aged In Bourbon Casks.','06/2016','Hinterland is a beer long in the creation, and even longer in the appreciation. On the aroma, deep reverberating roasty bitterness and sweet dark chocolate. Also in evidence, woodsmoke, rich vanilla, mocha and marzipan. When tasting, Hinterland reveals itself as the beer moves from cellar temperature to something warmer, yielding all of the above plus dried fruit, rich ganache and ending on a resoundingly warming  nish redolent of chocolate liqueur or plum brandy. Aged in Bourbon Casks.','https://images.punkapi.com/v2/216.png',9,85,1025,1094,400,200,4.3,73.4,20,25,21,'Lactose (Milk Sugar): 500g at middle','Lactose (Milk Sugar): 500g at middle','Sam Mason <samjbmason>',6,'2016-06-01'),(218,'Barrel Aged Albino Squid Assassin','Red Rye IPA Aged In Rye Whisky Cask.','06/2016','This tentacled terminator packs a punch - ten punches to be precise. Each hop addition adds to the intense layers of depth in this red rye IPA. Toasty caramel & cinder toffee from crystal malts, cacao richness from intensely roasted malt and the spiciness of rye. Zesty pithiness from Citra and the robust resin of Chinook. This small batch exclusive brew is up-front intensity matched with twisted complexity. Aged in Rye Whisky Casks.','https://images.punkapi.com/v2/217.png',9.2,65,1012,1069,60,30,4.2,82.6,20,25,18,NULL,NULL,'Sam Mason <samjbmason>',1,'2016-06-01'),(219,'Monk Hammer','Our Ruthless IPA With A Belgian Twist.','03/2016','Jack Hammer has been single handedly ripping it up for quite some time. Now, the definitive bitter and twisted IPA, has spawned four Hammer Head off-springs. Monk Hammer is the first of our super-charge hyped up hybrids. A dark cloaked holy man packing an unholy punch. Belgian yeast and American hops untie on a cardinal scale. Steel yourself for biblical volumes of grapefruit, bow your head for a wave of spicy, fruity yeast character, then cross yourself for the bitterest of bitter finishes. Let your senses succumb to this 21st century incarnation. Monk Hammer – worship daily.','https://images.punkapi.com/v2/218.png',7.2,250,1010,1065,15,7.5,4.4,84.6,20,25,21,NULL,NULL,'Sam Mason <samjbmason>',4,'2016-03-01'),(220,'Ship Wreck','Redacted Collaboration Ale.','03/2016','This mezcal-inspired brew is the shipwrecked remains of a collaboration brewed with former craft brewers Ballast Point. Brewed to encapsulate the Flavours of mezcal, this beer smoulders with peaty and light woody notes, as well as intense fruity character.','https://images.punkapi.com/v2/219.png',13.8,60,1015,1088,25,13,4.4,83,20,25,21,'100g Oak chips soaked in Mezcal and 1.6kg Agave syrup in FV','100g Oak chips soaked in Mezcal and 1.6kg Agave syrup in FV','Sam Mason <samjbmason>',6,'2016-03-01'),(221,'Ace Of Simcoe','Single-Hopped Session IPA.','01/2016','We love hops. We adore and worship their profile ability to transform beer. You could say that we have a terminal addiction. To celebrate this fetish we’re heroing our favourites in single hopped limited releases. No also starring, no extras, no compromise. The Hop is the Hero. A biscuity malty backbone builds to resinous pine with explosive citrus notes, culminating in a mango hit and a long bitter finish. This is pure Hop fusion, imploding with sensory overload. Our Ace in the hole, devastatingly singular, deliciously bitter. Serving up an Ace each and every time.','https://images.punkapi.com/v2/220.png',4.5,40,1011,1045,18,9,4.2,75.6,20,25,19,NULL,NULL,'Sam Mason <samjbmason>',1,'2016-01-01'),(222,'Blitz Series','Fruit Infused Berlinerweisse.','06/2016','We are bringing back our Blitz Series to 2016. Every Blitz we brew is different, due to the spontaneous souring process, and each version has a great blend of all the different Flavours we look for in a Berlinerwiesse.','https://images.punkapi.com/v2/keg.png',3.2,8,1032,1007,8,3,3.2,78,20,25,21,'Conversion check 78°C run off.','Conversion check 78°C run off.','Sam Mason <samjbmason>',1,'2016-06-01'),(223,'Dog E','Ninth Anniversary Imperial Stout.','06/2016','Dog E is a very special beer. This beer commemorates our 9th year in 2016. This beer originally appeared as AB:04 in 2010, perhaps the most sought after beer we ever brewed. Dog E is a 16.1% Imperial Stout brewed with copious amounts of dark malts, pure cacao and coffee, balanced by the subtle addition of naga chili, and barrel-aged. Perfect for ageing in your cellar, or drinking fresh if you’re lucky enough to get your paws on a bottle.','https://images.punkapi.com/v2/222.png',16.1,100,1125,1015,500,254,4.4,84,20,25,21,'5g Habanero and 3g lemon drop chili in FV','5g Habanero and 3g lemon drop chili in FV','Sam Mason <samjbmason>',6,'2016-06-01'),(224,'Prototype Pils 2.0','Revamped German Pils.','06/2016','Our spin on a light, dry and bitter German lager. Hop driven with malt taking a back seat, Pils 2.0 is lined up to become a regular brew.','https://images.punkapi.com/v2/keg.png',4.7,25,1044,1008,25,5,4.2,75.6,20,25,12,NULL,NULL,'Sam Mason <samjbmason>',2,'2016-06-01'),(225,'AB:20','Tiramisu Barley Wine.','06/2016','An English Barley Wine brewed with coffee and milk, with rich toasty & caramel Flavours. To complete the tiramisu effect, we’ve blended this with a 3 year rum cask aged Imperial Stout.','https://images.punkapi.com/v2/224.png',14.2,20,1120,1025,67,34,4,75.6,20,25,21,NULL,NULL,'Sam Mason <samjbmason>',6,'2016-06-01'),(226,'Paradox Islay 2.0','Islay Cask-Aged Imperial Stout.','06/2016','Intense peaty smoke layers on decadent roast coffee and chocolate in our Islay barrels aged paradox stout. One of the smokiest beers we have ever produced.','https://images.punkapi.com/v2/225.png',13,100,1112,1015,300,152,4.4,84.4,20,25,21,NULL,NULL,'Sam Mason <samjbmason>',6,'2016-06-01'),(227,'Chili Hammer','Our Ruthless IPA With A Fiery Twist.','06/2016','Chili Hammer is the third of our super-charged hyped up hybrids. A smooth tongued spicy assassin. Chili and American hops unite for a Flavour bigger than Texas. Citrus peel, mango, with a hint of spice on the nose. Delivers big grapefruit and mango with a smooth chili kick, followed by the bitterest of bitter finishes. Chili Hammer – turn up the gas.','https://images.punkapi.com/v2/226.png',7.2,250,1010,1065,15,7.5,4.4,84.6,20,25,21,'2.5g chili powder in the boil, 1 whole chili in FV','2.5g chili powder in the boil, 1 whole chili in FV','Sam Mason <samjbmason>',6,'2016-06-01'),(228,'Brewdog Vs Beavertown','Coffee And Cigarettes.','06/2016','Loaded with roasty coffee notes and balanced with complex tobacco character. With smoky Flavours from the malt, our Beavertown Collab is barrel-aged, but we don’t know for how long until its ready!','https://images.punkapi.com/v2/227.png',9.2,50,1085,1016,78.8,40,4.2,81,20,25,21,NULL,NULL,'Sam Mason <samjbmason>',6,'2016-06-01'),(229,'Prototype Helles','Laid-Back Bavarian Classic.','06/2016','Our spin on one-of the most popular beer styles ever conceived. A celebration of light, bready malt, with toasty hints and soft bitterness.','https://images.punkapi.com/v2/keg.png',4.9,18,1047,1010,13,6.6,4.2,78.7,20,25,12,NULL,NULL,'Sam Mason <samjbmason>',2,'2016-06-01'),(230,'Rye Hammer','Our Ruthless IPA with A Spicy Twist.','06/2016','Rye Hammer is the fourth of our super-charged hyped up hybrids. A bready beery beast. Rye grains and American hops unite in an agricultural superpower. Aroma of roasted malts, rye bread and subtle floral hops. Grapefruit, roasted caramel with malty fruity notes, followed by the bitterest of bitter finishes. Rye Hammer – liquid daily bread.','https://images.punkapi.com/v2/229.png',7.2,250,1010,1065,17,8.5,4.4,84.6,20,25,21,NULL,NULL,'Sam Mason <samjbmason>',6,'2016-06-01'),(231,'Black Hammer','Our Ruthless IPA With A Dark Malt Twist.','06/2016','Jack Hammer has been single handedly ripping it up for quite some time. Now, the definitive bitter and twisted IPA, has spawned four Hammer Head off-springs. Black Hammer is the second of our hyped up hybrid IPAs. A black hearted beast, that takes no prisoners. American hops and dark malt combine to make mischief. Grapefruit and coffee collide in sensory overload – a wake-up call for other IPA’s. Molten waves of pithy grapefruit build and finally ebb to the roasty bitter onslaught. Stand  firm and wield the Black Hammer with care. Stare into the black abyss and succumb to the dark-side.','https://images.punkapi.com/v2/230.png',7.2,250,1010,1065,104,53,4.4,84.6,20,25,21,NULL,NULL,'Sam Mason <samjbmason>',6,'2016-06-01'),(232,'Ace Of Chinook','Single-Hopped Session IPA.','01/2016','We love hops. We adore and worship their profile ability to transform beer. You could say that we have a terminal addiction. To celebrate this fetish we’re heroing our favourites in single hopped limited releases. No also starring, no extras, no compromise. The Hop is the Hero. A biscuity malty backbone builds to intense resinous pine with pithy citrus notes, culminating in a grapefruit hit and a long bitter finish. Our Ace in the hole, devastatingly singular, deliciously bitter. Serving up an Ace each and every time.','https://images.punkapi.com/v2/231.png',4.5,40,1011,1045,18,9,4.2,75.6,20,25,19,NULL,NULL,'Matt Ball <GeordieMatt>',1,'2016-01-01'),(233,'Ace Of Equinox','Single-Hopped Session IPA.','01/2016','We love hops. We adore and worship their profile ability to transform beer. You could say that we have a terminal addiction. To celebrate this fetish we’re heroing our favourites in single hopped limited releases. No also starring, no extras, no compromise. The Hop is the Hero. A biscuity malty backbone builds to intense tropical fruit, with bitter resin notes, culminating with an explosive papya hit and a long bitter finish. Our Ace in the hole, devastatingly singular, deliciously bitter. Serving up an Ace each and every time.','https://images.punkapi.com/v2/232.png',4.5,40,1011,1045,18,9,4.2,75.6,20,25,19,NULL,NULL,'Matt Ball <GeordieMatt>',1,'2016-01-01'),(234,'Ace Of Citra','Single-Hopped Session IPA.','01/2016','We love hops. We adore and worship their profile ability to transform beer. You could say that we have a terminal addiction. To celebrate this fetish we’re heroing our favourites in single hopped limited releases. No also starring, no extras, no compromise. The Hop is the Hero. A biscuity malty backbone layered with berry and resin, culminating with a lime zest hit and an explosive bitter citrus finish. Our Ace in the hole, devastatingly singular, deliciously bitter. Serving up an Ace each and every time.','https://images.punkapi.com/v2/233.png',4.5,40,1011,1045,18,9,4.2,75.6,20,25,19,NULL,NULL,'Matt Ball <GeordieMatt>',1,'2016-01-01'),(235,'Neon Overlord','Mango And Chilli IPA','01/2016','The Overlord of mango and chili IPA’s packs a fruity punch and then some. Pours a slightly hazy orange. A tropical fruit assault on the nose, with mango, pineapple, apricots and citrus. Hints of chili and sweet malts follow. Fruit dissipates to a chili kick, not hot but definitely there, followed by a long bitter finish. All hail to the hot tempered sweet toothed Lord.','https://images.punkapi.com/v2/234.png',7.6,70,1012,1067,20,10,4.4,82,20,25,21,'250g mango puree in FV','250g mango puree in FV','Matt Ball <GeordieMatt>',6,'2016-01-01'),(236,'Mango And Chili Barley Wine','Spicy Chewy Sweet','2016','A huge, chewy barley wine, loaded with bitterness and balanced with a sweet and spicy combo of mango and chili. A concept brew which was so well received, we tweaked it and it became Neon Overlord.','https://images.punkapi.com/v2/keg.png',12,NULL,1015,1110,20,40,4.4,84,20,25,21,NULL,NULL,'Sam Mason <samjbmason>',6,'2016-01-01'),(237,'Science IPA','India Pale Ale','2016','A beer brewed specifically for the British Science Festival, held in Swansea.','https://images.punkapi.com/v2/keg.png',5,NULL,1011,1050,24,47,4.4,77,20,25,21,NULL,NULL,'Sam Mason <samjbmason>',6,'2016-01-01'),(238,'Honey And Lemon Blitz','Honey & Lemon Infused Berliner Weisse.','2016','Honey & Lemon Blitz sees tart Berliner Weisse character multiplied by lemony acidity; light bready malt and a hint of warming honey hold this back from the brink of palate- destroying sourness.','https://images.punkapi.com/v2/keg.png',3.2,NULL,1008,1039,8,4,3.2,75,20,25,21,'Following souring steps outlined in Blitz Series recipes','Following souring steps outlined in Blitz Series recipes','Sam Mason <samjbmason>',6,'2016-01-01'),(239,'Kingpin','21st century lager.','2016','A 4.7% German Pils with light, biscuit and toasty malt character, upon which is built a hop bitterness that provides complexity and a long, dry finish.',NULL,4.7,40,1008,1044,14,7,4.2,79,20,25,10,NULL,NULL,'John Jenkman <johnjenkman>',2,'2016-01-01'),(240,'#Mashtag 2016','Sour cherry triple IPA.','2016','We gave our customers the keys to the brewery and let them choose every aspect of this beer. Sour cherry combines with fruity hop character against a biscuit malt backbone with a hint of alcohol warmth, and an oaky undercurrent.',NULL,10.5,100,1010,1090,15,8,4.4,89.04,20,25,21,'250g Sour Cherries, 5g Oak Chips','250g Sour Cherries, 5g Oak Chips','John Jenkman <johnjenkman>',6,'2016-01-01'),(241,'Blitz Saison','Lemon & coriander Berliner Weisse','2016','Belgium meets Berlin – incredible saison character with a bright and vibrant sour edge.','https://images.punkapi.com/v2/keg.png',3.2,8,1007,1040,7,14,3.2,77,20,25,21,NULL,NULL,'John Jenkman <johnjenkman>',3,'2016-01-01'),(242,'Hello My Name Is Ingrid 2016','Cloudberry Double IPA','2016','We asked the public to tell us the one beer we should brew again, from our entire back catalogue. They chose well. Cloudberries team up with pan-global hops for an all out fruit riot against a caramel malt base.',NULL,8.2,70,1013,1076,30,15.2,5.2,83.3,20,25,21,NULL,NULL,'John Jenkman <johnjenkman>',6,'2016-01-01'),(243,'Crew Brew','Democratic Amber Ale','2016','Our crew designed it, and we bottled it just for ourselves! We chose an 8% red ale, mash hopped and first wort hopped with New Zealand origin hops.',NULL,8,100,1011,1072,28,14.2,5.2,84.62,20,25,21,NULL,NULL,'John Jenkman <johnjenkman>',6,'2016-01-01'),(244,'Gin Blitz','Botanical Berliner Weisse','2016','Our Blitz series sees us brew up low abv, super tart Berliner Weisse, and generally infuse them with bags of sour fruit Flavour – but this batch uses gin botanicals instead.','https://images.punkapi.com/v2/keg.png',3.2,8,1008,1038,8,4,3.2,75,20,25,21,'Kettle Soured','Kettle Soured','John Jenkman <johnjenkman>',1,'2016-01-01'),(245,'AB:21','Liquorice Blackcurrant Stout.','2016','AB:21 is a liquorice and blackcurrant infused imperial stout. Rolling in at an imposing 12% abv, this huge and decadent dark beer dials down the charred roastiness and focuses instead on the rich, full-bodied chocolate and dark fruit character of the style.',NULL,12,100,1015,1130,200,101.6,5.1,82,20,25,19,'Liquorice and 200g Blackcurrant Concentrate FV.','Liquorice and 200g Blackcurrant Concentrate FV.','John Jenkman <johnjenkman>',6,'2016-01-01'),(246,'Beatnik','Imperial Red Ale','2016','We gave our Equity Punks the keys to the brewery and let them brew the beer, as well as join Q&As and tour our HQ. The beer was voted on exclusively by Equity Punks.',NULL,8,60,1013,1075,60,30.5,5.2,83.78,20,25,19,NULL,NULL,'John Jenkman <johnjenkman>',6,'2016-01-01'),(247,'Casino Rye Ale','Life\'s a Gamble','2016','We’ve split our bets with Casino Rye Ale and doubled up on the malt front, with barley and rye on the grain bill.',NULL,5.1,40,1009,1049,25,12.7,5.2,81.6,20,25,21,NULL,NULL,'John Jenkman <johnjenkman>',1,'2016-01-01'),(248,'Self Assembly Pope','Coconut Vanilla Porter','2016','A dark and decadent beer brewed with coconut, vanilla, cacao.',NULL,7.4,75,1016,1072,200,101.6,5.1,82,20,25,19,'Toasted Coconut Chips – 40g FV & Vanilla Extract – FV','Toasted Coconut Chips – 40g FV & Vanilla Extract – FV','John Jenkman <johnjenkman>',6,'2016-01-01'),(249,'Twin Atlantic','Mango & Pineapple Pale','2016','Brewed in collaboration with our AGM-headlining band, Twin Atlantic, this US style pale features some of our favourite hops and is loaded with tropical fruit.','https://images.punkapi.com/v2/keg.png',5,80,1011,1048,19,9.7,5.2,77,20,25,19,'Mango and Pineapple added to FV after Primary fermentation','Mango and Pineapple added to FV after Primary fermentation','John Jenkman <johnjenkman>',1,'2016-01-01'),(250,'Hop Shot','Quadruple India Pale Ale','2016','Hop Shot is a high-velocity hop hit. Our latest experiment in ice-distillation is a west coast IPA, subjected to Antarctic temperatures and concentrated by removing the ice that forms. The result is a 22% ABV hop grenade in a 110ml bottle.',NULL,7,250,1010,1065,15,7.5,4.4,85,20,25,21,NULL,NULL,'John Jenkman <johnjenkman>',6,'2016-01-01'),(251,'Small Batch: Rye IPA','Rye India Pale Ale.','2016','A 7.2% rye IPA loaded with grapefruit notes, pithy citrus, and huge resinous bitterness, with rye character. The Centennial and Columbus Flavours are amplified by the spicy, dry rye.','https://images.punkapi.com/v2/keg.png',7.2,100,1010,1065,8,16,4.4,84,20,25,21,NULL,NULL,'John Jenkman <johnjenkman>',6,'2016-01-01'),(252,'Small Batch: Sorachi Ace Session','Sorachi Ace Belgian Pale.','2016','This brew is a pale ale fermented with Belgian yeast and spiced with coriander seed.','https://images.punkapi.com/v2/keg.png',4,25,1005,1035,15,7.62,5.1,79,20,25,19,'Crushed Coridaner Seeds – FV','Crushed Coridaner Seeds – FV','John Jenkman <johnjenkman>',20,'2016-01-01'),(253,'Small Batch: Dortmunder','Pale Lager.','2017','A pale lager, with toasty biscuit malt balanced against a robust spicy bitterness.','https://images.punkapi.com/v2/keg.png',4.9,32,1009,1049,15,7.62,5.2,81.5,20,25,14,NULL,NULL,'John Jenkman <johnjenkman>',21,'2017-01-01'),(254,'Small Batch: 90 Shilling','Honeyed Spicy Malt.','2017','A malt-forward Scotch ale with a complex but mellow mix of toast crust, caramel, hints of cocoa, and a light hop spiciness.','https://images.punkapi.com/v2/keg.png',5.3,25,1010,1056,40,20.32,4.2,73,20,25,19,NULL,NULL,'John Jenkman <johnjenkman>',1,'2017-01-01'),(255,'Small Batch: Kellerbier','Crisp Unfiltered Goodness.','2017','A pale lager, with toasty biscuit malt balances against a robust spicy bitterness.','https://images.punkapi.com/v2/keg.png',4.5,25,1011,1043,17,8.6,5.3,79,20,25,10,NULL,NULL,'John Jenkman <johnjenkman>',21,'2017-01-01'),(256,'Small Batch: Tripel','Spiced Belgium Ale.','2017','Intense spicy and citrusy notes backed up with a bitter edge and a warming but dry malt biscuit backbone. This beer comes into its own after cellaring cool for a few weeks.','https://images.punkapi.com/v2/keg.png',13,50,1008,1110,23,11.6,5.1,93,20,25,21,NULL,NULL,'John Jenkman <johnjenkman>',20,'2017-01-01'),(257,'Small Batch: Vermont IPA','Juicy, Tropical, Citrusy.','2017','A vermont style IPA, with low background bitterness, loaded with intense juicy fruit character.','https://images.punkapi.com/v2/keg.png',6.9,35,1012,1066,15,7.62,4.2,79,20,25,19,NULL,NULL,'John Jenkman <johnjenkman>',1,'2017-01-01'),(258,'Semi Skimmed Occultist','Oatmeal Milk Stout.','2017','This one-off brew is packed with all the decadent Flavours and textures associated with Imperial Stouts. This can features exclusive artwork by The Red Dress.',NULL,8,70,1014,1080,160,81.28,4.1,73,20,25,18,NULL,NULL,'John Jenkman <johnjenkman>',6,'2017-01-01'),(259,'Paradox Rye','Rye Whisky Barrel-Aged Imperial Stout.','2005','In 2006 James and Martin hijacked a beer dinner run by Michael Jackson, the acclaimed beer and whisky writer, and convinced him to taste one of their home brews. This was a defining moment in BrewDog prehistory, and that beer was the first incarnation of the ubiquitous Paradox. Aged in a variety of casks over the years, Paradox is dark, decadent and encapsulating. Can be enjoyed fresh; phenomenal when aged.',NULL,13,100,1015,1112,300,152,4.4,84,20,25,21,'Age this beer in Rye Whisky Casks.','Age this beer in Rye Whisky Casks.','John Jenkman <johnjenkman>',6,'2005-01-01'),(260,'Tropic Thunder','Island-Hopping Stout.','2016','Tropic Thunder is the winner of the first ever #HomeBrewDog competition; the brainchild of Tom Doyle, this beer was the highest rated of the 307 beers that were tasted. A full-bodied and complex stout loaded with chocolate, mocha and roasty Flavours, finishing with a vibrant burst of orange.',NULL,7,25,1020,1074,170,86.36,4.2,73,20,25,19,NULL,NULL,'John Jenkman <johnjenkman>',6,'2016-01-01'),(261,'New England IPA','Vermont IPA','2017','BrewDog vs Cloudwater is a 6.8% Vermont-style India Pale Ale, hopped with Mosaic in the whirlpool only. Without any big- hitting additions of hops in the boil, we carried the Flavour by heavily dry-hopping the brew with Citra and Mosaic. We also used oats in the recipe to deliver the trademark smooth mouthfeel – and made it truly authentic by propagating a one-off culture of Vermont yeast, specifically for the brew.',NULL,6.8,45,1012,1065,17,9,4.2,79,20,25,18,NULL,NULL,'John Jenkman <johnjenkman>',22,'2017-01-01'),(262,'Small Batch: Nitro Breakfast Stout','Boozy Chocolate Milkshake.','2017','An utterly indulgent, smooth as hell Stout. With opulent Flavours of chocolate milkshake, roasty espresso coffee, and mellow vanilla, this beer has a full-bodied and creamy mouthfeel.','https://images.punkapi.com/v2/keg.png',8,80,1027,1092,88,44.7,5.2,70,20,25,21,NULL,NULL,'John Jenkman <johnjenkman>',6,'2017-01-01'),(263,'Small Batch: Vermont IPA V2.0','Juicy, Citrusy, Tropical.','2017','A second trial of our previous Small Batch Vermont IPA using a different yeast strain. A vermont style IPA, with low background bitterness, loaded with intense juicy fruit characters.','https://images.punkapi.com/v2/keg.png',6.9,35,1012,1066,15,7.6,4.2,79,20,25,19,NULL,NULL,'John Jenkman <johnjenkman>',22,'2017-01-01'),(264,'Small Batch: Mandarina Lager','Pithy Pale Pilsner.','2017','A bitter pils-style lager which is packed with aromas of citrus and a dry, refreshing biscuit malt backbone. Light floral notes add to the complexity.','https://images.punkapi.com/v2/keg.png',5.3,40,1008,1049,7,4,4.3,84,20,25,10,NULL,NULL,'John Jenkman <johnjenkman>',23,'2017-01-01'),(265,'Small Batch: East Coast Crush','Session Vermont IPA.','2017','East Coast Crush is a Vermont style pale ale, packaged and served using our custom LIVE beer dispense. A session Vermont IPA, with low background bitterness, loaded with intense juicy mango, pineapple, peach and pine.','https://images.punkapi.com/v2/keg.png',4.8,25,1010,1047,15,8,4.2,79,20,25,19,NULL,NULL,'John Jenkman <johnjenkman>',1,'2017-01-01'),(266,'Pump Action Poet','Stone Fruit IPA.','2017','A one-off beer which combines the sweet and juicy Flavour of stonefruit with tropical hop aromas. This can features exclusive artwork by Tracie Ching.',NULL,7.5,40,1013,1070,12,6,5.2,81,20,25,19,NULL,NULL,'John Jenkman <johnjenkman>',1,'2017-01-01'),(267,'Small Batch: Lemon Meringue Pie','Experimental Dessert Beer.','2017','Brewed to a concept voted on at Craft Beer Rising, this one-off beer is an experimental brew which emulates the Flavour of lemon meringue pie.',NULL,6.5,5,1015,1066,7,4,4,77,20,25,19,NULL,NULL,'John Jenkman <johnjenkman>',1,'2017-01-01'),(268,'AB:22','Speyside Barrel-Aged Coffee Chocolate Stout.','2017','An imperial stout brewed with cacao and coffee, AB22 has spent two years in darkness, drawing complex and indulgent Flavours from the Speyside whisky casks in which it resided.',NULL,12.5,70,1020,1115,100,51,4.1,83,20,25,21,NULL,NULL,'John Jenkman <johnjenkman>',6,'2017-01-01'),(269,'Hazy Jane','New England IPA.','2017','A Vermont style IPA, with low background bitterness, loaded with juicy fruit character. Pine, stonefruit, mango, light resin and hints of lime peel - this juicy IPA is low in bitterness, full-bodied and smooth, enhancing the soft ripe fruit Flavours.',NULL,7.2,30,1009,1065,15,8,4.2,86,20,25,21,NULL,NULL,'John Jenkman <johnjenkman>',1,'2017-01-01'),(270,'Small Batch: Imperial Pale Weizen','Dry-Hopped Wheat Beer.','2017','An amplified version of a style we first brewed with Weihenstephan. A full-on deluge of spice and citrus, the new world hops bring spiced orange, lemon peel and fresh grassy and floral notes while the weizen base adds pepper, clove and banana.','https://images.punkapi.com/v2/keg.png',7.5,25,1010,1067,18,9,4.4,85,20,25,21,NULL,NULL,'John Jenkman <johnjenkman>',14,'2017-01-01'),(271,'Blonde Export Stout','Beatnik Brewing Collective 2017.','2017','Our Equity Punk gypsy brewery - Beatnik Brewing Collective - voted for this recipe as their 2017 annual brew. A blonde stout brewed to export strength, the stout character comes from extra ingredients instead of dark malts.',NULL,7,55,1020,1075,16,8,4.4,73,20,25,19,NULL,NULL,'John Jenkman <johnjenkman>',6,'2017-01-01'),(272,'Small Batch: Cranachan Cream Ale','Raspberry Cream Ale.','2017','A cream ale, brewed with raspberry and milk sugars, balancing sweet and tart summer berry with soft bitterness and a full bodied smooth mouthfeel.','https://images.punkapi.com/v2/keg.png',6.5,8,1019,1069,10,5,4.3,72,20,25,19,NULL,NULL,'John Jenkman <johnjenkman>',6,'2017-01-01'),(273,'Small Batch: Spelt & Honey Saison','Honey & Spelt Saison','2017','A pilot kit Small Batch, experimenting with weizen yeast, honey and spelt.','https://images.punkapi.com/v2/keg.png',5.2,22,1008,1046,8,4,4.1,83,20,25,21,NULL,NULL,'John Jenkman <johnjenkman>',14,'2017-01-01'),(274,'Prototype Double IPA','American Hop Overload.','2017','Our Prototype Challenge sees us pit three new trial beers against each other. This Double IPA is packed with a blend of our favourite American hops and has a huge dry- hop aroma.',NULL,8.5,60,1007,1073,15,8,4.2,90,20,25,18,NULL,NULL,'John Jenkman <johnjenkman>',6,'2017-01-01'),(275,'Prototype Black Rye IPA','Complex Dark Ale','2017','Our Prototype Challenge sees us pit three new trial beers against each other. This Black Rye IPA combines two spins on an American IPA, in the left-right jab combo of extra ingredients.',NULL,6.5,70,1012,1060,135,69,4.5,80,20,25,19,NULL,NULL,'John Jenkman <johnjenkman>',6,'2017-01-01'),(276,'Sidewalk Shark','Citrus-Infused German Sour.','2017','A citrus-infused gose - a traditional German sour wheat beer brewed with salt, in this case with the addition of kaffir lime leaf and lemon peel.','https://images.punkapi.com/v2/keg.png',5.2,22,1008,1055,7,4,3.8,85,20,25,20,NULL,NULL,'John Jenkman <johnjenkman>',6,'2017-01-01'),(277,'Nine To Five Wizard','India Pale Weizen.','2017','A classic German weissbeir with aromas of banana and clove, layered with New World hop aromas of orange.',NULL,7.5,35,1012,1069,20,10,4.3,83,20,25,24,NULL,NULL,'John Jenkman <johnjenkman>',8,'2017-01-01'),(278,'Prototype Blonde Ale','Mellow Golden Ale.','2017','This Blonde Ale is a new recipe and uses a new yeast - so it is a true Prototype. Originally lined up as part of the 2017 Prototype Challenge it was released shortly afterwards. but hey, these things happen.',NULL,4.5,15,1009,1044,12,6,4.6,80,20,25,19,NULL,NULL,'John Jenkman <johnjenkman>',24,'2017-01-01'),(279,'AB:23','Bourbon Barrel-Aged Barley Wine.','2017','Our Abstrakt series showcases one-off beers, brewed or blended to the peak of our abilities. Each release is unique and never to be repeated.',NULL,11.5,80,1020,1110,80,41,4.1,82,20,25,21,NULL,NULL,'John Jenkman <johnjenkman>',6,'2017-01-01'),(280,'Slot Machine','Red Rye IPA.','2017','Our Q4 Seasonal is a red rye IPA. This twist on an American IPA involves a more complex malt base, with the careful addition of rye - a grain known for its trickiness when brewing with anything above a tiny percentage.',NULL,5.2,50,1011,1051,50,25,4.3,78,20,25,19,NULL,NULL,'John Jenkman <johnjenkman>',1,'2017-01-01'),(281,'Make Earth Great Again','Cloudberry Saison.','2017','In protest against the potential withdrawal of the USA from the Paris agreement, we brewed a saison (which ferments at high temperatures) with melted ice caps (glacier water) and cloudberries (an Arctic berry).',NULL,7.5,35,1004,1065,9,5,4.6,94,20,25,23,'10kg of glacier water added to the mash.','10kg of glacier water added to the mash.','John Jenkman <johnjenkman>',3,'2017-01-01'),(282,'Homicidal Puppet Help Desk','Barrel-Aged Rye Barley Wine.','2017','Indulgent, complex, and endlessly rewarding; packed with Flavours of toffee, coconut, red berry, burnt sugar, marzipan, orange, cherry - American oak adds structure and depth to this chewy and warming barley wine brewed with rye and aged in rye whiskey cask.',NULL,11.5,132,1020,1105,45,23,4.1,81,20,25,19,NULL,NULL,'John Jenkman <johnjenkman>',6,'2017-01-01'),(283,'Pina Colada Sidewalk','Pineapple & Coconut Gose.','2017','After the success of the first version of Sidewalk Shark (a BrewDog bar exclusive), we decided to brew a second version, this time infused with tropical Flavours of pineapple, coconut and lime.','https://images.punkapi.com/v2/keg.png',5.2,10,1008,1055,15,7,3.8,85,20,25,21,NULL,NULL,'John Jenkman <johnjenkman>',6,'2017-01-01'),(284,'AB:24','Coffee & Brown Sugar Baltic Porter.','2017','Our latest concept beer, AB:24 is a huge Baltic Porter, brewed with coffee and muscovado sugar.',NULL,11.5,50,1019,1110,220,112,4.4,83,20,25,21,NULL,NULL,'John Jenkman <johnjenkman>',6,'2017-01-01'),(285,'Hello My Name Is Helga','Cherry Double IPA.','2017','Brewed exclusively for the German market, this Hello My Name brew features a twist of Flavour inspired by Germany.',NULL,8.2,70,1009,1070,15,8,4.4,87,20,25,19,NULL,NULL,'John Jenkman <johnjenkman>',6,'2017-01-01'),(286,'Hello My Name Is Sari','Bilberry Double IPA.','2017','Brewed exclusively for the Finnish market, this Hello My Name brew features a twist of Flavour inspired by Finland.',NULL,8.2,70,1009,1070,15,8,4.4,87,20,25,19,NULL,NULL,'John Jenkman <johnjenkman>',6,'2017-01-01'),(287,'Hello My Name Is Aune','Stawberry Double IPA.','2017','Brewed exclusively for the Norwegian market, this Hello My Name brew features a twist of Flavour inspired by Norway.',NULL,8.2,70,1009,1070,15,8,4.4,87,20,25,19,NULL,NULL,'John Jenkman <johnjenkman>',6,'2017-01-01'),(288,'Hello My Name Is Marianne','Cassis Infused Double IPA.','2017','Brewed exclusively for the French market, this Hello My Name brew features a twist of Flavour inspired by France.',NULL,8.2,70,1009,1070,15,8,4.4,87,20,25,19,NULL,NULL,'John Jenkman <johnjenkman>',6,'2017-01-01'),(289,'Hello My Name Is Agnetha','Lingonberry Double IPA.','2017','Brewed exclusively for the Swedish market, this Hello My Name brew features a twist of Flavour inspired by Sweden.',NULL,8.2,70,1009,1070,15,8,4.4,87,20,25,19,NULL,NULL,'John Jenkman <johnjenkman>',6,'2017-01-01'),(290,'Hello My Name Is Lieke','Orange Infused Double IPA.','2017','Brewed exclusively for the Dutch market, this Hello My Name brew features a twist of Flavour inspired by the Netherlands.',NULL,8.2,70,1009,1070,15,8,4.4,87,20,25,19,NULL,NULL,'John Jenkman <johnjenkman>',6,'2017-01-01'),(291,'Hello My Name Is Niamh','Elderflower Infused Double IPA.','2017','Brewed exclusively for the Irish market, this Hello My Name brew features a twist of Flavour inspired by Ireland.',NULL,8.2,70,1009,1070,15,8,4.4,87,20,25,19,NULL,NULL,'John Jenkman <johnjenkman>',6,'2017-01-01'),(292,'Hello My Name Is Sofia','Lemon Infused Double IPA.','2017','Brewed exclusively for the Italian market, this Hello My Name brew features a twist of Flavours inspired by Italy.',NULL,8.2,70,1009,1070,15,8,4.4,87,20,25,19,NULL,NULL,'John Jenkman <johnjenkman>',6,'2017-01-01'),(293,'Hello My Name Is Maria','Mandarin Infused Double IPA.','2017','Brewed exclusively for the Spanish market, this Hello My Name brew features a twist of Flavour inspired by Spain.',NULL,8.2,70,1009,1070,15,8,4.4,87,20,25,19,NULL,NULL,'John Jenkman <johnjenkman>',6,'2017-01-01'),(294,'I Wanna Be Your Dog','Omnipollo X BrewDog - Barrel Aged Imperial Stout.','2017','A collaboration with Omnipollo, known for their uncanny ability to repilcate dessert Flavours in indulgent beers. This caramel and pecan Flavoured imperial stout has been barrel aged for almost a year in whisky casks, to add an extra level of depth to the pecan mud pie concept.',NULL,12,55,1035,1125,600,305,4.1,72,20,25,19,NULL,NULL,'John Jenkman <johnjenkman>',1,'2017-01-01'),(295,'Opaque Jake','Vermont IPA.','2017','Our first single-hop Vermont IPA; all the Flavour in this beer comes from a combination of Citra\'s naturally complex Flavour profile, the yeast-produced esters, and the biotransformation of the hop oils by its contact with the yeast.','https://images.punkapi.com/v2/keg.png',7.2,20,1009,1065,20,10,4.4,86,20,25,21,NULL,NULL,'John Jenkman <johnjenkman>',1,'2017-01-01'),(296,'Choco Libre','Mexican Hot Chocolate Imperial Stout.','2017','This one-off brew showcases the Flavours of a Mexican spiced hot chocolate, infused with an imperial stout.',NULL,9,25,1020,1086,190,96,4.2,77,20,25,21,NULL,NULL,'John Jenkman <johnjenkman>',1,'2017-01-01'),(297,'Off-Duty Alien','Citrus IPA','2018','Off-Duty Alien is a citrus IPA, brewed with blood orange and grapefruit to enhance the citurs characteristics of the hops.','https://images.punkapi.com/v2/keg.png',6.5,50,1010,1060,20,10,4.4,83,20,25,19,NULL,NULL,'John Jenkman <johnjenkman>',1,'2018-01-01'),(298,'East Of Vermont','Mango & Peach Milkshake Vermont IPA.','2018','A Vermont IPA with fruit and milk sugars added - recreating fruity milkshake character in an IPA.','https://images.punkapi.com/v2/keg.png',7.8,15,1018,1077,20,10,4.4,77,20,25,21,NULL,NULL,'John Jenkman <johnjenkman>',1,'2018-01-01'),(299,'Declassified Demi-God','Barrel-Aged Imperial Milk Stout.','2018','An exclusive barrel-aged blend, brought together to reward investors on Equity for Punks USA; two imperial stouts aged in grain whisky barrels for over a year.',NULL,14.1,70,1020,1127,90,46,4.1,84,20,25,21,NULL,NULL,'John Jenkman <johnjenkman>',6,'2018-01-01'),(300,'Raspberry Popsicle Parade','Raspberry Berliner Weisse.','2018','A draft-only kettle-soured raspberry ale, brewed to just 0.5% ABV, using our knowledge from brewing both Blitz and Nanny State. Aromas of fresh raspberry juice, soft red berries, and a blast of lemon zest, with a juicy palate encompassing zingy acidity and the smooth velvety note of oats, rounding out this low-ABV juicebox.','https://images.punkapi.com/v2/keg.png',0.5,8,1005,1009,8,4,3.5,44,20,25,21,NULL,NULL,'John Jenkman <johnjenkman>',1,'2018-01-01'),(301,'Indie Pale Ale','True Independent Craft.','2018','A non-dry-hopped pale ale, using new hopping technqiues and in- depth fermentation know-how.',NULL,4.2,30,1008,1044,16.6,8,4.6,82,20,25,21,NULL,NULL,'John Jenkman <johnjenkman>',1,'2018-01-01'),(302,'Small Batch: Dry-hopped Pilsner','Dry-hopped lager.','2018','A BrewDog bar exclusive draft lager, brewed with Weihenstephan\'s lager yeast, and dry-hopped with the contemporary German variety Saphir; this lager has been lightly centrifuged and packaged at just under 28 days in tank.','https://images.punkapi.com/v2/keg.png',4.7,37,1006,1042,5,3,4.4,86,20,25,11,NULL,NULL,'John Jenkman <johnjenkman>',25,'2018-01-01'),(303,'Hazy Jane Bourbon Barrel Aged','Bourbon Barrel Vermont IPA.','2018','A draft-only BrewDog bar exclusive; we have experimented with ageing our Vermount IPA for a short time in bourbon and rye barrels, both known for imparting Flavour quickly compared to other types of barrel.','https://images.punkapi.com/v2/keg.png',7.2,30,1009,1065,15,8,4.2,86,20,25,21,NULL,NULL,'John Jenkman <johnjenkman>',1,'2018-01-01'),(304,'Hazy Jane Rye Barrel Aged','Bourbon Barrel Vermont IPA.','2018','A draft-only BrewDog bar exclusive; we have experimented with ageing our Vermount IPA for a short time in bourbon and rye barrels, both known for imparting Flavour quickly compared to other types of barrel.','https://images.punkapi.com/v2/keg.png',7.2,30,1009,1065,15,8,4.2,86,20,25,21,NULL,NULL,'John Jenkman <johnjenkman>',1,'2018-01-01'),(305,'Karma Cloud','Tropical IPA.','2018','A draft-only exclusive beer for International markets as part of\nthe DogDealers programme. Karma Cloud is a tropical IPA, designed to cram as much fruit Flavour in as possible using only hops to recreate those Flavours.','https://images.punkapi.com/v2/keg.png',6.5,50,1010,1060,35,18,4.4,83,20,25,21,NULL,NULL,'John Jenkman <johnjenkman>',1,'2018-01-01'),(306,'Native Son','West Coast IPA.','2018','A big, dank, double IPA, sitting in the 8-9% ABV bracket, in our Amplified range - filling a gap that has been sitting empty since Hardcore IPA departed. A new beer developed by our Head of Production Jason Pond; the first brew he came up with since joining became an instant hit.',NULL,8.5,70,1010,1073,18,9,4.6,86,20,25,19,NULL,NULL,'John Jenkman <johnjenkman>',6,'2018-01-01'),(307,'AB:25','Bourbon Barrel-Aged Barley Wine.','2018','A super-smooth, full-bodied chewy- as-hell barley wine. Our latest concept brew spent 6 months drawing Flavour from bourbon barrels.',NULL,13.3,35,1020,1113,90,46,4.2,82,20,25,19,NULL,NULL,'John Jenkman <johnjenkman>',6,'2018-01-01'),(308,'Kamikaze Knitting Club','Maple Stout','2018','Our first 2018 Wildcard brew, Kamikaze Knitting Club is a one-off brew. A maple stout, Kamikaze combines dark malts with a classic Canadian export, adding to the warming malty and smokey character.',NULL,7.5,30,1013,1071,130,66,4.6,82,20,25,19,NULL,NULL,'John Jenkman <johnjenkman>',1,'2018-01-01'),(309,'Very Big Moose','Chocolate Imperial Stout.','2018','BrewDog vs Fierce Beer. A rebrew of the Fierce Beer & Flagship bar Collabfest 2017 winning beer, Very Big Moose is being scaled up to our Ellon brewhouse.',NULL,12,25,1038,1128,100,50,4.4,70,20,25,21,NULL,NULL,'John Jenkman <johnjenkman>',1,'2018-01-01'),(310,'Paradox Islay 2018','Whisky Cask Aged Imperial Stout.','2018','Our longest running beer series, Paradox sees us ageing an Imperial Stout in different types of cask. This one showcases grain whisky.',NULL,13.5,100,1015,1112,300,152,4.4,84,20,25,21,'Age this beer in Rye Whisky Casks.','Age this beer in Rye Whisky Casks.','John Jenkman <johnjenkman>',6,'2018-01-01'),(311,'Clockwork Tangerine','Citrus IPA.','2018','Winner of the 2017 Prototype Challenge, ClockWork Tangerine is a session strength IPA, infused with tangerine, and appears as our new Q2 Seasonal, replacing Hop Fiction.',NULL,4.5,37,1012,1047,20,10,4.2,75,20,25,19,NULL,NULL,'John Jenkman <johnjenkman>',1,'2018-01-01'),(312,'Sonic Boom','New German Hop IPA.','2018','Welcome aboard our experimental range of tuned IPAs. Buckle up for an explosive sensory bombardment. Tropical fruit and resinous pine are primed. The first wave of pineapple, melon and mango quickly accelerate into a afterburner of candied citrus fruit and sweet caramel. Sonic Boom - IPA turning at the speed of sound.',NULL,6.5,60,1008,1058,11,6,4.6,86,20,25,21,NULL,NULL,'John Jenkman <johnjenkman>',1,'2018-01-01'),(313,'Dog G','11th Anniversary Imperial Stout.','2018','Dog G is a benchmark in liquid form; our 11th anniversary beer. A 17% imperial stout brewed with a compelling mix of dark malts, chillies, cacao and coffee - to make it a true milestone we then decided to age Dog G in rye whiskey barrels.',NULL,17,100,1015,1125,500,254,4.4,84,20,25,21,NULL,NULL,'John Jenkman <johnjenkman>',6,'2018-01-01'),(314,'Mallow Mafia','Russian Imperial Stout.','2018','BrewDog vs Amundsen. One of a series of collaborations with European craft breweries, aimed at promoting engagement and market growth. With Norwegian craft brewers Amundsen, we are creating a mash-up of two existing beers, resulting in a coffee, chocolate and marshmallow Russian Imperial Stout.',NULL,12,75,1025,1116,390,198,4.4,78,20,25,21,NULL,NULL,'John Jenkman <johnjenkman>',1,'2018-01-01'),(315,'Manic Mango','Mango IPA.','2018','BrewDog v Brewski. One of a series of collaborations with European craft breweries, aimed at promoting engagement and market growth. Our Swedish collaboration with Brewski is a mango IPA.',NULL,6,20,1010,1057,12,6,4.4,82,20,25,19,NULL,NULL,'John Jenkman <johnjenkman>',1,'2018-01-01'),(316,'Baltic Fleet','Baltic Porter.','2018','BrewDog vs Bevog. One of a series of collaborations with European craft breweries, aimed at promoting engagement and market growth. Our Austrian collaboration is with Bevog, and incorporates plum into a Baltic porter.',NULL,7.2,45,1016,1071,120,61,4.2,77,20,25,12,NULL,NULL,'John Jenkman <johnjenkman>',23,'2018-01-01'),(317,'SOS! (May Day!)','Dry-Hopped Maibock.','2018','BrewDog vs Brlo. One of a series of collaborations with European craft breweries, aimed at promoting engagement and market growth. Our German collaboration is with BRLO, and the beer is a dry- hopped Maibock; a new world take on a strong pale lager.',NULL,6.4,34,1014,1060,21,11,4.2,77,20,25,10,NULL,NULL,'John Jenkman <johnjenkman>',23,'2018-01-01'),(318,'Al Adjore!','Barley Wine','2018','BrewDog vs La Pirata. One of a series of collaborations with European craft breweries, aimed at promoting engagement and market growth. Our collab with Spanish brewes La Pirata features a barley wine, inspired by Muscatel.',NULL,9,65,1018,1085,35,18,79,79,20,25,21,NULL,NULL,'John Jenkman <johnjenkman>',1,'2018-01-01'),(319,'Neverland','India Pale Lager.','2018','BrewDog vs Oedipus. One of a series of collaborations with European craft breweries, aimed at promoting engagement and market growth. This India pale lager has been brewed with Dutch brewers Oedipus.',NULL,5,40,1007,1048,12,6,4.2,85,20,25,11,NULL,NULL,'John Jenkman <johnjenkman>',23,'2018-01-01'),(320,'Grano Giusto','Dark Lager.','2018','BrewDog vs Birrificiano Italiano. One of a series of collaborations with European craft breweries, aimed at promoting engagement\nand market growth. Our Italian collaboration is with Birrificiano Italiano, and the beer is a dark lager brewed with a unique dark malt from an Italian micro-maltster.',NULL,5.5,28,1009,1052,55,28,4.3,83,20,25,12,NULL,NULL,'John Jenkman <johnjenkman>',23,'2018-01-01'),(321,'King of Eights','East Coast IPA','2018','A new 7.4% ABV East Coast IPA, King of Eights is one of the core Fanzine beers, and will feature evolving editions as part of our new subscription model.',NULL,7.4,20,1009,1065,20,10,4.4,86,20,25,21,NULL,NULL,'John Jenkman <johnjenkman>',1,'2018-01-01'),(322,'Jinx Pale Ale','American Pale Ale.','2018','A new 4.7% ABV American pale ale, Jinx Pale Ale is one of the core Fanzine beers, and will feature evolving editions as part of our new subscription model.',NULL,4.7,35,1008,1043,13,7,4.6,81,20,25,21,NULL,NULL,'John Jenkman <johnjenkman>',1,'2018-01-01'),(323,'Jet Trash','West Coast IPA.','2018','A new 6.9% ABV West Coast IPA, Jet Trash is one of the core Fanzine beers, and will feature evolving editions as part of our new subscription model.',NULL,6.9,65,1008,1060,18,9,4.6,87,20,25,19,NULL,NULL,'John Jenkman <johnjenkman>',1,'2018-01-01'),(324,'Interstate Vienna Lager.','Vienna Lager.','2018','A new 5% ABV Vienna Lager, that features in Fanzine, our new subscription model.',NULL,5,25,1007,1045,14,7,4.2,84,20,25,10,NULL,NULL,'John Jenkman <johnjenkman>',23,'2018-01-01'),(325,'Fools Gold Dortmunder Lager','Lager.','2018','A new 5.6% Dortmunder Lager, that featues in Fanzine, our new subscription model.',NULL,5.6,32,1009,1052,11,6,4.2,83,20,25,14,NULL,NULL,'John Jenkman <johnjenkman>',25,'2018-01-01'),(326,'Zipcode','Pilsner.','2018','A new 5% Pilsner, that feaures in Fanzine, our new subscription model.',NULL,5,37,1006,1044,5,3,4.4,86,20,25,11,NULL,NULL,'John Jenkman <johnjenkman>',25,'2018-01-01');
/*!40000 ALTER TABLE `beers` ENABLE KEYS */;
UNLOCK TABLES;

--
-- Table structure for table `food_pairings`
--

DROP TABLE IF EXISTS `food_pairings`;
/*!40101 SET @saved_cs_client     = @@character_set_client */;
/*!40101 SET character_set_client = utf8 */;
CREATE TABLE `food_pairings` (
  `food_id` int(11) NOT NULL,
  `beer_id` int(11) NOT NULL,
  PRIMARY KEY (`food_id`,`beer_id`),
  KEY `food_pairings_beer_id_index` (`beer_id`),
  KEY `food_pairings_food_id_index` (`food_id`),
  CONSTRAINT `beer_fk` FOREIGN KEY (`beer_id`) REFERENCES `beers` (`id`) ON DELETE NO ACTION ON UPDATE NO ACTION,
  CONSTRAINT `food_fk` FOREIGN KEY (`food_id`) REFERENCES `foods` (`id`) ON DELETE NO ACTION ON UPDATE NO ACTION
) ENGINE=InnoDB DEFAULT CHARSET=utf16 COLLATE=utf16_unicode_ci;
/*!40101 SET character_set_client = @saved_cs_client */;

--
-- Dumping data for table `food_pairings`
--

LOCK TABLES `food_pairings` WRITE;
/*!40000 ALTER TABLE `food_pairings` DISABLE KEYS */;
INSERT INTO `food_pairings` VALUES (1,1),(2,1),(3,1),(4,2),(5,2),(6,2),(7,2),(8,3),(9,3),(10,3),(11,4),(12,4),(13,4),(14,5),(15,5),(16,5),(17,6),(18,6),(19,6),(20,7),(21,7),(22,7),(23,8),(24,8),(25,8),(25,37),(25,131),(25,275),(26,9),(27,9),(28,9),(28,254),(29,10),(30,10),(31,10),(32,11),(33,11),(34,11),(35,12),(36,12),(37,12),(38,13),(39,13),(40,13),(41,14),(42,14),(43,14),(44,14),(45,15),(45,256),(46,15),(47,15),(48,16),(49,16),(50,16),(50,314),(51,17),(52,17),(53,17),(53,260),(54,18),(55,18),(56,18),(57,19),(58,19),(59,19),(60,20),(61,20),(62,20),(63,21),(63,277),(64,21),(65,21),(65,277),(66,22),(67,22),(68,22),(69,23),(70,23),(71,23),(72,24),(73,24),(74,24),(75,25),(76,25),(77,25),(78,26),(79,26),(80,26),(81,27),(81,34),(81,138),(81,203),(82,27),(82,203),(83,27),(83,203),(84,28),(85,28),(86,28),(87,29),(88,29),(89,29),(90,30),(91,30),(92,30),(93,31),(94,32),(95,32),(96,32),(97,33),(97,95),(98,33),(99,33),(100,34),(101,34),(102,35),(103,35),(104,35),(105,36),(106,36),(107,36),(108,37),(109,37),(110,38),(111,38),(112,38),(113,39),(114,39),(114,121),(115,39),(115,233),(115,249),(116,40),(117,40),(118,40),(119,41),(120,41),(121,41),(122,42),(123,42),(124,42),(125,43),(126,43),(127,43),(128,44),(129,44),(130,44),(131,45),(132,45),(133,45),(134,46),(135,46),(136,46),(137,47),(138,47),(139,47),(140,48),(141,48),(142,48),(143,49),(144,49),(145,49),(146,50),(147,50),(148,50),(149,51),(150,51),(151,51),(152,52),(153,52),(154,52),(155,53),(155,85),(155,86),(156,53),(156,85),(157,53),(157,85),(158,54),(158,218),(159,54),(159,218),(160,54),(160,218),(161,55),(162,55),(163,55),(164,56),(165,56),(166,56),(167,57),(168,57),(168,149),(169,57),(170,58),(171,58),(172,58),(173,59),(174,59),(175,59),(176,60),(177,60),(178,60),(179,61),(180,61),(181,61),(182,62),(183,62),(184,62),(185,63),(186,63),(187,63),(188,64),(189,64),(190,64),(190,324),(191,65),(192,65),(193,65),(194,66),(195,66),(196,66),(197,67),(198,67),(199,67),(200,68),(201,68),(202,68),(203,69),(203,182),(204,69),(204,182),(205,69),(205,182),(206,70),(207,70),(207,296),(208,70),(208,268),(209,71),(210,71),(211,71),(211,298),(211,317),(212,72),(213,72),(214,72),(215,73),(216,73),(217,73),(218,74),(219,74),(220,74),(220,153),(221,75),(222,75),(223,75),(224,76),(225,76),(226,76),(227,77),(228,77),(229,77),(230,78),(231,78),(232,78),(233,79),(234,79),(235,79),(235,243),(235,307),(236,80),(237,80),(238,80),(239,81),(240,81),(241,81),(241,172),(241,238),(241,325),(242,82),(243,82),(244,82),(245,83),(246,83),(246,312),(247,83),(248,84),(249,84),(250,84),(251,86),(252,86),(253,87),(253,107),(254,87),(255,87),(256,88),(257,88),(258,88),(259,89),(260,89),(261,89),(262,90),(263,90),(264,90),(265,91),(266,91),(267,91),(267,167),(268,92),(269,92),(270,92),(271,93),(272,93),(273,93),(274,94),(275,94),(276,94),(276,266),(277,95),(278,95),(279,96),(280,96),(281,96),(281,141),(282,97),(283,97),(284,98),(285,98),(286,98),(286,237),(287,99),(288,99),(289,99),(290,100),(290,164),(291,100),(292,100),(293,101),(294,101),(295,101),(296,102),(297,102),(298,102),(299,103),(300,103),(301,103),(302,104),(303,104),(304,104),(305,105),(306,105),(307,105),(308,106),(308,193),(309,106),(309,193),(310,106),(310,193),(311,107),(312,107),(313,108),(314,108),(315,108),(316,109),(317,109),(318,109),(319,110),(320,110),(320,268),(321,110),(322,111),(323,111),(324,111),(325,112),(326,112),(327,112),(328,113),(329,113),(330,113),(331,114),(332,114),(333,114),(334,115),(335,115),(336,115),(337,116),(338,116),(339,116),(340,117),(341,117),(342,117),(342,183),(342,267),(342,312),(343,118),(344,118),(345,118),(346,119),(347,119),(348,119),(349,120),(350,120),(350,271),(351,120),(352,121),(352,276),(353,121),(354,122),(355,122),(356,122),(357,123),(358,123),(359,123),(360,124),(361,124),(362,124),(363,125),(364,125),(365,125),(366,126),(367,126),(368,126),(369,127),(370,127),(371,127),(372,128),(373,128),(374,128),(375,129),(375,217),(376,129),(376,217),(377,129),(377,217),(378,130),(379,130),(380,130),(381,131),(382,131),(383,132),(384,132),(385,132),(386,133),(387,133),(388,133),(389,134),(390,134),(391,134),(392,135),(393,135),(394,135),(395,136),(396,136),(397,136),(398,137),(399,137),(400,137),(401,138),(402,138),(403,139),(404,139),(405,139),(406,140),(407,140),(408,140),(409,141),(410,141),(411,142),(412,142),(413,142),(414,143),(415,143),(416,144),(417,144),(418,144),(419,145),(420,145),(421,145),(422,146),(423,146),(424,146),(425,147),(426,147),(426,281),(427,147),(428,148),(429,148),(430,148),(431,149),(432,149),(433,150),(434,150),(435,150),(436,151),(437,151),(438,151),(439,152),(440,152),(441,152),(442,153),(443,153),(444,154),(445,154),(446,154),(446,177),(446,319),(450,156),(451,156),(452,156),(452,223),(453,157),(454,157),(455,157),(456,158),(457,158),(458,158),(459,159),(460,159),(461,159),(462,160),(463,160),(464,160),(465,161),(466,161),(467,161),(468,162),(469,162),(470,162),(471,163),(472,163),(473,163),(474,164),(475,164),(476,165),(477,165),(478,165),(479,166),(480,166),(481,166),(482,167),(483,167),(484,168),(485,168),(486,168),(487,169),(487,250),(488,169),(489,169),(489,250),(490,170),(490,254),(491,170),(492,170),(493,171),(494,171),(495,171),(496,172),(497,172),(498,173),(499,173),(500,173),(501,174),(502,174),(503,174),(504,175),(505,175),(506,175),(507,176),(508,176),(509,176),(510,177),(511,177),(512,178),(513,178),(514,178),(515,179),(516,179),(517,179),(518,180),(519,180),(520,180),(521,181),(522,181),(523,181),(524,183),(525,183),(526,184),(527,184),(528,184),(529,185),(530,185),(531,185),(532,186),(533,186),(534,186),(535,187),(536,187),(537,187),(538,188),(539,188),(540,188),(541,189),(542,189),(543,189),(544,190),(545,190),(546,190),(547,191),(548,191),(549,191),(550,192),(551,192),(552,192),(553,194),(554,194),(555,194),(556,195),(557,195),(558,195),(559,196),(560,196),(561,197),(562,197),(563,197),(564,198),(565,198),(566,198),(567,199),(568,199),(569,199),(570,200),(571,200),(571,316),(572,200),(573,201),(574,201),(575,201),(576,202),(577,202),(578,202),(579,204),(580,204),(581,204),(582,205),(583,205),(584,205),(585,206),(586,206),(587,207),(588,207),(589,207),(590,208),(591,208),(592,208),(593,209),(594,209),(595,209),(596,210),(597,210),(598,210),(599,211),(600,211),(601,211),(602,212),(603,212),(604,213),(605,213),(606,213),(607,214),(608,214),(609,214),(610,215),(611,215),(612,215),(613,216),(614,216),(615,216),(616,219),(617,219),(618,219),(618,273),(618,321),(619,220),(620,220),(621,220),(622,221),(623,221),(624,221),(625,222),(626,222),(627,222),(628,222),(629,223),(630,223),(631,224),(632,224),(633,224),(634,225),(635,225),(636,225),(637,226),(638,226),(639,226),(640,227),(641,227),(642,227),(643,228),(644,228),(645,229),(646,229),(647,229),(648,230),(649,230),(650,230),(651,231),(652,231),(653,231),(654,232),(655,232),(656,232),(657,233),(658,233),(659,234),(660,234),(661,234),(662,235),(663,235),(664,235),(665,236),(666,236),(667,236),(668,237),(669,237),(670,238),(671,238),(672,239),(673,239),(674,239),(675,240),(676,240),(677,240),(678,241),(679,241),(680,241),(681,242),(682,242),(683,242),(683,281),(684,243),(685,243),(686,244),(687,244),(687,264),(687,321),(688,244),(689,245),(690,245),(691,245),(692,246),(693,246),(694,246),(695,247),(696,247),(697,247),(698,248),(699,248),(700,248),(701,249),(702,249),(703,250),(704,251),(705,251),(706,251),(707,252),(708,252),(709,252),(710,253),(711,253),(712,253),(713,254),(714,255),(715,255),(716,255),(717,256),(718,256),(719,257),(719,263),(719,295),(720,257),(721,257),(721,265),(722,258),(723,258),(724,258),(724,296),(725,259),(726,259),(727,259),(728,260),(729,260),(730,261),(730,269),(731,261),(731,265),(731,269),(732,261),(733,262),(733,296),(734,262),(735,262),(736,263),(736,265),(736,295),(737,263),(738,264),(738,315),(739,264),(740,266),(741,266),(742,268),(743,269),(744,270),(745,270),(746,270),(747,271),(748,271),(749,272),(750,272),(751,272),(752,273),(753,273),(754,274),(755,274),(756,274),(757,275),(758,275),(759,276),(760,276),(761,277),(762,278),(763,278),(764,278),(765,279),(765,282),(766,279),(766,282),(767,279),(767,282),(768,280),(769,280),(770,280),(771,283),(772,283),(773,283),(774,284),(775,284),(776,284),(777,285),(778,285),(779,285),(780,286),(781,286),(782,286),(783,287),(784,287),(785,287),(786,288),(787,288),(788,288),(789,289),(790,289),(791,289),(792,290),(793,290),(794,290),(795,291),(796,291),(797,291),(798,292),(799,292),(800,292),(801,293),(802,293),(803,293),(804,294),(805,294),(806,294),(807,295),(808,297),(809,297),(810,297),(811,298),(812,298),(813,299),(814,299),(815,299),(816,300),(817,300),(818,300),(819,301),(820,301),(821,301),(822,302),(823,302),(824,302),(825,303),(826,303),(827,303),(828,304),(829,304),(830,304),(831,305),(832,305),(833,305),(834,306),(835,306),(836,306),(837,307),(838,307),(839,308),(840,308),(841,308),(842,309),(843,309),(844,309),(845,310),(846,310),(847,310),(848,311),(849,311),(850,311),(851,312),(852,313),(853,313),(854,313),(855,314),(856,315),(857,315),(858,316),(859,316),(860,317),(861,317),(862,318),(863,318),(864,319),(864,323),(865,319),(866,320),(867,320),(868,320),(869,321),(870,322),(871,322),(872,323),(873,323),(874,324),(875,324),(876,325),(877,325),(878,326),(879,326),(880,326);
/*!40000 ALTER TABLE `food_pairings` ENABLE KEYS */;
UNLOCK TABLES;

--
-- Table structure for table `foods`
--

DROP TABLE IF EXISTS `foods`;
/*!40101 SET @saved_cs_client     = @@character_set_client */;
/*!40101 SET character_set_client = utf8 */;
CREATE TABLE `foods` (
  `id` int(11) NOT NULL AUTO_INCREMENT,
  `name` varchar(255) COLLATE utf16_unicode_ci NOT NULL,
  PRIMARY KEY (`id`),
  KEY `foods_name_index` (`name`)
) ENGINE=InnoDB AUTO_INCREMENT=881 DEFAULT CHARSET=utf16 COLLATE=utf16_unicode_ci;
/*!40101 SET character_set_client = @saved_cs_client */;

--
-- Dumping data for table `foods`
--

LOCK TABLES `foods` WRITE;
/*!40000 ALTER TABLE `foods` DISABLE KEYS */;
INSERT INTO `foods` VALUES (810,'+80% Dark chocolate'),(119,'12hr smoked brisket'),(216,'20hr smoked brisket'),(368,'A Shakin\' jesse'),(855,'Affogato with ice cream'),(318,'Affogato with vanilla ice cream'),(268,'Aged cheddar with honey and raspberry chutney'),(644,'Aged cheddar, chickpea & roasted vegetable tagine'),(357,'Aged gouda'),(299,'Aged Stilton'),(190,'Almond biscotti'),(794,'Almond pound cake'),(314,'American cheese burger'),(152,'Ancho chilli beef taco'),(643,'Ancho pulled beef chilli'),(150,'Andhra chicken pickle curry'),(219,'Angelfood cake'),(495,'Angus beef cheeseburger'),(232,'Apple and blackcurrant cobbler'),(782,'Apple and blueberry pie'),(187,'Apple and rosemary tart'),(267,'Apple crumble'),(568,'Apple crumble and custard'),(379,'Apple gingerbread pancakes'),(871,'Apple pie'),(95,'Apple upside-down cake'),(570,'Applewood cheddar bacon beef burger'),(74,'Apricot coconut cake'),(31,'Aromatic korma curry with lemon and garlic naan'),(471,'Aromatic spicy red thai curry'),(87,'Arrabiata pasta'),(610,'Arrabiata pasta with grilled prawns'),(326,'Artichoke hearts and chicken melt'),(605,'Asparagus pesto pasta'),(640,'Aubergine and chickpea tagine'),(702,'Avocado and Citrus Salad'),(606,'Bacon and maple syrup cupcakes'),(539,'Bacon mac \'n\' cheese'),(215,'Bacon sandwich with brown sauce'),(662,'Baja fish tacos'),(265,'Baja style fish tacos'),(470,'Baked Alaska'),(711,'Baked Brie'),(567,'Baked brown butter lobster'),(423,'Baked Camembert with smoked garlic, and salt and pepper wheat crackers'),(506,'Baked chicken with yuzu reduction'),(614,'Baked curry chickpea snacks'),(705,'Baked Goat\'s Cheese'),(417,'Baked honey glazed ham with dark fruit sauce'),(743,'Baked Peaches With Citrus Fruit'),(732,'Baked Peaches with Citrus Fruit Reduction'),(772,'Baked Tilapia With Lemon and Cream Sauce'),(413,'Baklava'),(784,'Balsamic-glazed salmon'),(566,'Banana bread'),(77,'Banana split'),(133,'Banana walnut loaf with chocolate chips'),(145,'Banoffee pie'),(198,'Barbecue corn and steak fajita seasoned wrap'),(131,'Barbecue pulled pork on sourdough bread'),(713,'Barbecue-griddled Poussin'),(768,'Barbeque and Mustard Beef on Rye Bread'),(785,'Basil granita'),(621,'Basil panna cotta with strawberries'),(717,'Basil Pasta'),(99,'Basil, lemon and pine nut angel hair pasta with grilled chicken'),(726,'BBQ Brisket'),(866,'BBQ hot wings'),(814,'BBQ pit beans'),(838,'Beef burger topped with red onions and wasabi'),(334,'Beef carpaccio'),(164,'Beef chilli made with cocoa powder'),(778,'Beef in port stew'),(236,'Beef mahaca on corn tortillas'),(303,'Beef pho soup'),(698,'Beef Rendang'),(146,'Beef satay skewers'),(367,'Beef shin stew'),(117,'Beef Stroganoff'),(21,'Beef Wellington with a red wine jus'),(186,'Beef, oyster and ale pie'),(543,'Beer affogato - 1/3 glass of Paradox with a scoop of vanilla ice cream'),(617,'Beer braised Brussels sprouts'),(515,'Beer roasted chicken'),(395,'Beetroot and blood orange salad'),(647,'Beetroot and goats cheese salad'),(656,'Beignet'),(250,'Belgian waffles'),(671,'Berry and Cream Meringue'),(354,'Black bean and avocado enchiladas with mole sauce'),(589,'Black cherry tart'),(788,'Black forest gateau'),(415,'Black forrest gateaux'),(755,'Black Pudding Burger'),(735,'Black Pudding Croquettes'),(148,'Blackberry mocha gateaux'),(307,'Blackberry pie with vanilla ice cream'),(691,'Blackcurrant Panna Cotta'),(81,'Blackened cajun beef'),(183,'Blackened Cajun chicken'),(184,'Blondies with chocolate fudge sauce'),(82,'Blue cheese'),(134,'Blue cheese & onion tart'),(48,'Blue cheese beef burger'),(485,'Blue cheese burger'),(474,'Blue cheese crumbled over wedges'),(263,'Blue cheese wedge salad'),(298,'Blueberry and almond tart'),(781,'Blueberry muffins'),(86,'Blueberry pie'),(156,'Braised pheasant'),(775,'Braised rabbit stew'),(714,'Bratwurst and Mustard'),(161,'Bratwurst sausage with spicy mustard'),(240,'Bratwurst with sauerkraut'),(527,'Bratwurst with spicy relish'),(599,'Brisket burnt ends'),(651,'Buffalo wings with blue cheese dip'),(677,'Buttermilk waffles'),(242,'Butternut squash and sage soup'),(809,'Butternut squash bisque'),(344,'Butternut squash soup with toasted almonds'),(151,'Butterscotch tart'),(710,'Cajun Chicken Burger'),(676,'Cajun ribs'),(340,'Cajun spiced chicken wings'),(393,'Cajun spiced fried chicken'),(389,'California sushi rolls with fresh crab and wasabi infused soy sauce'),(707,'Californian Sushi Roll'),(349,'Calves\' liver with onion relish'),(233,'Candied almond and blue cheese rocket salad'),(600,'Candied bacon French toast'),(193,'Candied bacon topped chocolate cheesecake'),(868,'Candied ginger pear cake'),(327,'Caprese salad (mozzarella, tomato, basil, black pepper and sea salt)'),(62,'Caramel and banana meringue pie'),(175,'Caramel and rose essence cheesecake'),(157,'Caramel sauce and hot fudge'),(3,'Caramel toffee cake'),(295,'Caramelised apple pie with vanilla ice cream'),(480,'Caramelised onion and ham foccacia'),(403,'Caramelised onion and lightly seared steak'),(144,'Caramelised onion venison burger'),(718,'Caramelised Orange Cheesecake'),(182,'Caramelised scallops with burnt apple puree'),(496,'Caramelized onion and steak pie'),(715,'Caraway Roast Pork'),(330,'Cardamom cake with powder sugar and cloudberry jam'),(391,'Carrot and coriander rich cake'),(211,'Carrot cake'),(500,'Carrot cake with cream cheese frosting'),(582,'Cauliflower pakora with mango chutney'),(401,'Cave-aged cheddar'),(282,'Celery and stilton soup'),(629,'Char sui pork buns'),(725,'Char-grilled Lamb Cutlets'),(262,'Charcuterie platter (featuring Italian salami)'),(15,'Chargrilled corn on the cob with paprika butter'),(332,'Chargrilled steak'),(398,'Charred apricot salad'),(833,'Cheddar cheese board'),(383,'Cheddar cheese melt on crisp rye toast'),(476,'Cheddar cheese toastie on dark rye'),(669,'Cheese and Ham Omelette'),(625,'Cheese boards'),(654,'Cheese covered tater tots'),(478,'Cheesecake'),(385,'Cheesecake topped with kiwi'),(310,'Cheesecake with a passion fruit swirl sauce'),(555,'Cheesecake with raspberry (or peach/passion fruit) sauce'),(104,'Cheesecake with raspberry coulis'),(766,'Cherry Chocolate Cake With Chocolate Whipped Mousse'),(779,'Cherry frangipane tart'),(655,'Chicago style hot dog'),(169,'Chicago style hot links'),(679,'Chicken Adobo'),(737,'Chicken and Apricot Tagine'),(823,'Chicken and pesto pasta'),(501,'Chicken fajita spiced monteray jack quesadillas'),(171,'Chicken fried steak with cheesy mash'),(407,'Chicken jalfrezi'),(668,'Chicken Katsu'),(497,'Chicken Khua Kling (dry Thai curry)'),(719,'Chicken Korma'),(535,'Chicken satay'),(61,'Chicken sausages with creamy mash'),(364,'Chicken schnitzel'),(234,'Chicken Tikka Madras'),(657,'Chicken, mango and chili salad'),(721,'Chickpea and Apricot Tagine'),(828,'Chickpea curry'),(335,'Chilled beetroot soup'),(237,'Chilli and dark chocolate tart'),(742,'Chilli Beer Tacos'),(586,'Chilli chocolate bars'),(514,'Chilli chocolate fondant'),(409,'Chilli con carne'),(192,'Chilli covered burger (Sloppy Joe)'),(858,'Chilli covered burgers'),(508,'Chilli dog'),(502,'Chilli lime and coriander marinated king prawn cocktail'),(557,'Chilli spiced pork pie'),(482,'Chinese chicken salad'),(632,'Chipotle chicken burrito'),(513,'Chipotle steak tacos'),(734,'Choc Chip Cookies,'),(464,'Chocolate and dark cherry fondant'),(118,'Chocolate and fruit cake'),(727,'Chocolate and Strawberry Mousse'),(408,'Chocolate and toffee fondant'),(615,'Chocolate and walnut brownie'),(859,'Chocolate and walnut brownies'),(50,'Chocolate cake'),(517,'Chocolate cake drizzled with orange'),(178,'Chocolate caramel drizzled sponge cake'),(452,'Chocolate cheesecake'),(598,'Chocolate chunky cookies'),(345,'Chocolate coated macaroons'),(388,'Chocolate covered espresso beans'),(493,'Chocolate crème brûlée with raspberries'),(578,'Chocolate fondue with fruit'),(217,'Chocolate fudge ice cream'),(815,'Chocolate ganache'),(153,'Chocolate gateaux'),(34,'Chocolate milk shake'),(802,'Chocolate mousse'),(53,'Chocolate orange brownies'),(301,'Chocolate pecan praline cake'),(120,'Chocolate pistachio cakes'),(690,'Chocolate Torte'),(435,'Chocolate torte with a dark fruit compote'),(492,'Chocolate, cherry and hazelnut mousse'),(468,'Chorizo cooked in red wine'),(380,'Christmas Pudding'),(285,'Chunky chicken and vegetable spiced stew'),(597,'Chunky mild spice beef stew'),(524,'Chunky orange marmalade on toast'),(199,'Cinnamon & white chocolate churro'),(348,'Cinnamon carrot cake with creamy cheese frosting'),(430,'Cinnamon poached pears'),(740,'Citrus Salad'),(63,'Citrus salad with balsamic dressing'),(585,'Classic American cheeseburger'),(685,'Classic Cheddar Ploughmans'),(706,'Classic Victoria Sponge'),(28,'Clootie dumpling'),(837,'Coarse pork pate with fresh crusty bread'),(601,'Coco Pops (add stout to cereal)'),(343,'Coconut beef red curry'),(709,'Coconut Cake'),(699,'Coconut Macaroons'),(825,'Coconut vanilla prawns'),(281,'Coffee cake'),(569,'Coffee carrot cake'),(51,'Coffee dusted venison loin'),(675,'Confit duck with cherry sauce'),(350,'Coq au vin'),(45,'Coriander & chilli crab cakes'),(291,'Coriander and lime green thai curry'),(396,'Coriander and mango grilled steak tacos'),(758,'Coriander Chicken Tostadas'),(673,'Corn dogs'),(634,'Cornish Yarg'),(659,'Courgette fries'),(695,'Crab Cakes'),(424,'Crab cakes with lemon cream and herb dipping sauce'),(189,'Crab linguine'),(18,'Crab melt sandwich'),(325,'Crab roll sushi with strawberries'),(168,'Cranachan'),(817,'Cranachan pudding'),(328,'Crayfish with a chilli, coriander infused butter dip'),(124,'Creamy chocolate and caramel cheesecake'),(258,'Creamy eggs benedict'),(180,'Creamy gorgonzola and satsuma salad'),(7,'Creamy lemon bar doused in powdered sugar'),(284,'Creamy maple syrup and bacon soup'),(473,'Creamy warm baked goats cheese salad'),(618,'Crème brûlée'),(609,'Crème brûlée with apricot coulis'),(680,'Crème Caramel'),(137,'Crispy bacon on flat bread'),(873,'Crusty bread'),(548,'Cured ham and strong mulled cheddar board'),(587,'Cured Spanish ham'),(660,'Curried sea bass'),(580,'Dark bitter chocolate torte'),(639,'Dark chocolate & salted caramel brownie'),(546,'Dark chocolate and chilli flourless cake'),(724,'Dark Chocolate and Coffee Torte'),(163,'Dark chocolate chip cookies'),(165,'Dark chocolate covered bacon'),(107,'Dark Chocolate Fondant'),(321,'Dark chocolate ganache macaroons'),(208,'Dark chocolate truffles'),(418,'Dark fruit cake'),(481,'Dark fruit crumble'),(658,'Deep fried coconut prawns'),(798,'Deep-fried calamari'),(747,'Duck Crackling'),(194,'Duck liver paté'),(121,'Dulche de leche'),(697,'Dundee Fruit Cake'),(592,'Earl Grey ice cream with a lavender sauce'),(93,'Earthy mushroom pasta'),(238,'Epoisses cheese'),(776,'Espresso brownies with burnt sugar ice cream'),(317,'Espresso crusted venison with a dark cherry jus'),(526,'Falafel and hummus pitta wrap'),(57,'Fårikål (mutton stew) with a spicy twist'),(58,'Fenalår (salted cured lamb)'),(750,'Feta And Tomato Salad With Balsamic Dressing'),(531,'Fettucine alfredo'),(723,'Fig Tart'),(641,'Firehouse chili con carne'),(141,'Fish and chips'),(126,'Fish corn tacos with pomegranate salsa'),(687,'Fish Tacos'),(382,'Fish tacos with avocado'),(55,'Fish tacos with hot sauce'),(300,'Flaky pastry beef pie and sweet potato mash'),(561,'Flame grilled steak'),(83,'Flourless chocolate cheesecake'),(402,'Flourless chocolate chilli cake'),(486,'Flourless chocolate ginger cake'),(627,'French fries dressed in good oil and salt'),(155,'French onion soup'),(40,'Fresh berry crisp tart'),(4,'Fresh crab with lemon'),(850,'Fresh green salad with avocados and pomegranate seeds'),(210,'Fresh pico de gallo with corn tortilla'),(504,'Fresh seared tuna and rocket salad'),(162,'Fried American bacon with chilli flakes added to the top'),(280,'Fried bacon with crispy honeycomb bits'),(313,'Fried brie bites'),(522,'Fried calamari with a mild sauce'),(23,'Fried crab cakes with avocado salsa'),(159,'Fried halibut with sweet potato fritters'),(406,'Fried teriyaki chicken'),(312,'Fruity bread pudding'),(244,'Fudge'),(790,'Game pie'),(490,'Game terrine'),(686,'Game Terrine with Pickles'),(5,'Garlic butter dipping sauce'),(834,'Gazpacho soup'),(358,'German bratwurst sausage'),(257,'German bratwurst with spicy mustard dip and vinaigrette salad'),(365,'Gin & elderflower jelly'),(460,'Ginger and chilli beef stir fry'),(852,'Ginger and chocolate biscuits'),(489,'Ginger and grapefruit poundcake'),(65,'Ginger and orange cookies'),(371,'Ginger and orange zest cookies'),(111,'Ginger bread cookies'),(455,'Ginger rice pudding'),(595,'Gingerbread'),(716,'Gingerbread Cake'),(749,'Gingerbread Man'),(138,'Glazed ham with crackling coating'),(49,'Glazed short ribs'),(135,'Goan goat curry'),(441,'Goat\'s cheese'),(730,'Goat\'s Cheese Bruschetta'),(878,'Goat\'s cheese salad'),(739,'Goat\'s Cheese Salad With Walnuts, Radish And Blood Orange'),(6,'Goats cheese salad'),(46,'Goats cheese salad with walnuts, radish and blood orange'),(170,'Gooey chocolate brownies'),(475,'Gooey lemon bar'),(769,'Gooseberry and Plum Compote'),(204,'Gorgonzola and rye nut bread with smoked honey ham'),(207,'Gouda cheese'),(160,'Grapefruit and blood orange tart'),(292,'Grapefruit souffle'),(419,'Greek piroshki pies'),(440,'Greek salad'),(663,'Green mango salad'),(738,'Green Thai Curry'),(874,'Grilled chicken and steamed vegetables'),(2,'Grilled chicken quesadilla'),(221,'Grilled chicken salad with bacon and avocado'),(608,'Grilled chicken with a chilli soy sauce marinade'),(218,'Grilled fish salad'),(439,'Grilled fish tacos'),(791,'Grilled goat’s cheese'),(759,'Grilled Halibut'),(422,'Grilled halloumi salad with orange and pomegranate vinaigrette'),(484,'Grilled king prawns with a chilli lime sauce'),(459,'Grilled lamb chops with a fruit reduction'),(869,'Grilled lemon sole'),(333,'Grilled pineapple'),(60,'Grilled portabello mushroom burger'),(761,'Grilled Portobello Mushroom Burger'),(613,'Grilled rib-eye steak'),(102,'Grilled salmon'),(822,'Grilled salmon tacos'),(98,'Grilled salmon with a herb and citrus infused butter'),(553,'Grilled salmon with a light lemon sauce'),(795,'Grilled sea bass fillet'),(85,'Grilled spicy corn with feta crumbles'),(191,'Grilled vegetable and chicken teriyaki skewers'),(757,'Guacamole And Chips'),(733,'Habanero Pulled Pork'),(465,'Habanero spicy chicken wings with ranch sauce'),(361,'Habenero and mango pulled pork tacos'),(78,'Haggis bon bons'),(431,'Haggis spring rolls'),(36,'Halibut with a mango and tomato salad'),(179,'Halibut with caper brown butter'),(623,'Halloumi and sweet chili burger'),(820,'Ham and cheese toastie'),(824,'Ham and mustard crisps'),(516,'Ham and pineapple pizza'),(392,'Havarti cheese'),(226,'Hazelnut brittle'),(806,'Hazelnut truffles'),(545,'Herb roasted duck with a fruit sauce'),(670,'Herb-Crusted Baked Cod'),(416,'Herbal roast beef with a cranberry jus'),(363,'Herring rollmops'),(70,'Hickory smoked ham'),(537,'Honey and almond sponge cake'),(432,'Honey glazed duck breast'),(177,'Honey glazed ham'),(305,'Honey glazed ham with pineapple'),(510,'Honey glazed ham with spicy roasted carrots'),(860,'Honey ham sandwich Gruyère cheese'),(753,'Honey Mustard Chicken'),(323,'Hot dog with grilled onions and spicy ketchup'),(745,'Hot Smoked Salmon Salad'),(576,'Hot spiced barbecue chicken wings'),(754,'Hot Wings And Blue Cheese Dip'),(372,'Huevos rancheros'),(826,'Italian style goat\'s cheese pizza'),(604,'Jalapeño and cream cheese poppers'),(466,'Jalapeño chilli and chicken quesadillas'),(498,'Jalapeño poppers with blue cheese dip'),(854,'Jamaican Curry Goat'),(322,'Jamaican jerk chicken'),(672,'Jamaican jerk chicken wings'),(266,'Jerk chicken'),(701,'Jerk Chicken Kebabs with Mango Salsa'),(593,'Jerk spiced goat'),(26,'Kedgeree'),(25,'Key lime pie'),(35,'King prawn kebabs'),(230,'Kippers and poached eggs'),(196,'Kirsch chocolate truffles'),(302,'Korean barbecue nachos'),(33,'Korean style chicken wings'),(336,'Korean watermelon salad'),(287,'Korvapuusti (cinnamon and cardamom buns)'),(59,'Krumkake with lingonberry jam'),(848,'Lamb and mint tagine'),(456,'Lamb and root vegetable stew'),(547,'Lamb chops with a blueberry reduction'),(68,'Lamb chops with caramelised figs'),(436,'Lamb cutlets with cucumber raita'),(477,'Lamb samosas with chilli dipping sauce'),(206,'Lapin aux pruneaux (braised rabbit with prunes)'),(173,'Lavender and thyme roast beef'),(142,'Lavender chocolate chip cookies'),(259,'Lemon and herb salmon'),(278,'Lemon and thyme panna cotta'),(445,'Lemon baked monkfish'),(880,'Lemon cookies'),(821,'Lemon custard tart'),(241,'Lemon drizzle cake'),(483,'Lemon grilled halibut'),(505,'Lemon meringue pie'),(214,'Lemon poppyseed donuts'),(353,'Lemon posset'),(56,'Lemon pound cake with a ice sugar glaze'),(523,'Lemon sherbet cookies'),(394,'Lemon squares'),(342,'Lemon tart'),(849,'Light and fluffy tangerine sponge cake'),(591,'Light vegetable and herb soup with toasted rye bread'),(521,'Lightly curried spiced chickpea dip'),(692,'Loaded Hamburger and Spicy Fries'),(64,'Lobster'),(554,'Lobster bisque'),(736,'Lobster Salad'),(720,'Lobster Tail Salad'),(532,'Lobster thermidor'),(628,'Mac and Cheese'),(103,'Mac and cheese fries'),(764,'Mandarin Cake'),(563,'Maple bacon chocolate cupcakes'),(839,'Maple jerky'),(279,'Maple syrup drizzled chocolate chip pancakes'),(503,'Margarita key lime pie'),(39,'Margherita pizza'),(245,'Margherita pizza with chili flakes'),(223,'Matcha green tea cake'),(176,'Mature cheddar with red onion chutney'),(511,'Mature cheddar with spicy chutney'),(770,'Mature Wensleydale'),(52,'Memphis-style beef short ribs'),(290,'Mexican ceviche'),(355,'Mexican spiced cheddar cheese'),(611,'Mexican spiced chicken with hot sauce'),(252,'Mexican wedding cake (cookies)'),(620,'Mezcal marinated sirloin steak'),(341,'Mild cheddar'),(373,'Mild coriander and chilli chicken curry'),(101,'Millionaire\'s shortbread'),(339,'Mint cheesecake'),(37,'Mint chocloate ice cream'),(9,'Miso ramen'),(596,'Mississippi style pork ribs'),(813,'Mole Mexican chilli beef'),(870,'Monterey Jack stuffed grilled jalapeños'),(197,'Monterey Jack stuffed grilled jalepenos'),(763,'Montery Jack Cheese'),(384,'Moroccan chicken tangine'),(412,'Moroccan spice lamb shanks'),(352,'Moules frites'),(227,'Mozzarella and tomato baked chicken'),(88,'Mulled cheddar'),(375,'Mulled cheddar buffalo burger'),(319,'Mushroom pithivier'),(17,'Mussels with a garlic and herb sauce'),(195,'Mutton stew'),(832,'Nachos'),(467,'New York style cheesecake'),(550,'Oak chip smoked salmon'),(80,'Oatmeal and cranberry cookies'),(271,'Okra fries'),(830,'Orange and carrot cake with orange cream cheese icing'),(612,'Orange marmalade thumb print cookie'),(803,'Orange polenta cake'),(577,'Orange sesame chicken'),(397,'Orange sherbet ice cream'),(112,'Orange tart'),(276,'Orange zest tart'),(748,'Oreo Cheesecake'),(638,'Ossobuco'),(366,'Oyster beignets'),(69,'Oysters'),(426,'Oysters with a chilli and dill sauce'),(220,'Pad Thai'),(442,'Paella'),(533,'Pan fried Foie Gras'),(277,'Pan roasted poussin with spring veg'),(123,'Pan seared scallops with a chilli sauce'),(106,'Pan seared steak'),(73,'Pan seared venison fillet with juniper sauce'),(294,'Pan seared venison with fruit salad side'),(731,'Pan-Fried Lemon Sole'),(722,'Pan-Seared Venison with Blackberries'),(752,'Pancakes'),(356,'Pancakes with maple syrup'),(841,'Pancakes with smokey bacon'),(799,'Paneer skewers with cardamom'),(684,'Panko-coated Chicken Katsu'),(818,'Panna cotta'),(247,'Panna cotta with a grapefruit tuile'),(374,'Panna cotta with an orange and raspberry sauce'),(708,'Parmesan and Rocket Pizza'),(572,'Parmesan truffles'),(624,'Passionfruit meringue pie'),(461,'Passionfruit soufflé'),(41,'Pastrami'),(845,'PB&J sandwich'),(446,'Peach cobbler'),(688,'Peach Melba'),(812,'Peaches and cream'),(44,'Peanut brittle'),(540,'Pear crumble'),(804,'Pecan muffins with chocolate ganache'),(235,'Pecan pie'),(792,'Peking duck'),(583,'Penne with tomato and smoked cheese'),(410,'Pepper jack cheese burger on a brioche bun'),(616,'Pesto chicken pizza'),(879,'Pesto pasta'),(487,'Phall Curry'),(433,'Pheasant paté'),(857,'Pho soup with light rice noodles'),(760,'Pickled Herrings'),(437,'Pigeon pea dal'),(694,'Pineapple Sponge Cake'),(115,'Pineapple upside down cake'),(47,'Pistachio cake'),(661,'Pistachio layer cake'),(851,'Pizza with chili flakes'),(800,'Plum cobbler'),(315,'Poached apple tart'),(255,'Poached cinnamon apple muffins'),(108,'Poached eggs and smoked salmon'),(202,'Poached pear'),(558,'Poached pear and blue cheese crumble'),(359,'Poached pear fritters'),(420,'Poached salmon with salsa verde'),(75,'Poached sole fillet with capers'),(867,'Pomegranate tart with walnuts'),(139,'Popcorn caramel and chocolate cake'),(793,'Pork and coriander stew'),(646,'Pork belly ramen'),(129,'Pork belly vindaloo'),(703,'Pork Burrito with a Habanero and Mango Chili Salsa'),(488,'Pork burrito with a habanero and mango chilli salsa'),(729,'Pork Carnitas'),(248,'Pork chop with rosemary chips'),(574,'Pork chops with spicy orange marmalade'),(347,'Pork dumplings with rich soy sauce'),(829,'Pork fajitas (with the works!)'),(789,'Pork meatballs'),(875,'Pork sausages'),(387,'Pork smothered in mole sauce'),(67,'Pot roasted artichokes'),(212,'Potted fresh & smoked salmon'),(525,'Prawn toast with sweet chilli sauce'),(700,'Profiteroles with Chantilly Cream'),(404,'Pulled barbecue brisket'),(100,'Pulled pork'),(286,'Pumpkin pie'),(377,'Pure vanilla bean ice cream'),(200,'Quince cheese'),(458,'Raisin rum cake'),(22,'Raspberry chocolate torte'),(205,'Raspberry coffee cheesecake'),(751,'Raspberry Parfait'),(683,'Raspberry Soufflé'),(222,'Red pepper houmous and flat bread'),(622,'Reuben sandwich'),(633,'Rhubarb fool with shortbread'),(130,'Rhubarb pie'),(427,'Rhubarb tart'),(469,'Rib eye steak with a compound butter'),(269,'Rich beef stew with winter vegetables and a dash of honey'),(575,'Rich crème brûlée'),(264,'Rich dark chocolate volcano cake'),(166,'Rich espresso tiramisu'),(842,'Rich vanilla ice cream. Neat (or make a float)'),(224,'Roast beef'),(243,'Roast beef and horseradish sandwich'),(846,'Roast beef with a herb and malt crust'),(110,'Roast beef with spicy jus'),(864,'Roast Chicken'),(209,'Roast chicken with vegetables and wild rice'),(434,'Roast duck in a cherry glaze'),(320,'Roast pheasant with savoy cabbage'),(777,'Roast pork chops'),(132,'Roast turkey with a honey and herb marinade and roasted vegetables'),(843,'Roast venison with a chocolate sauce'),(225,'Roasted butternut squash'),(203,'Roasted duck'),(32,'Roasted garlic and chilli infused camembert cheese'),(571,'Roasted garlic camembert'),(808,'Roasted halibut with grapefruit salsa'),(831,'Roasted pork loin with tropical fruit'),(414,'Roasted pumpkin and mozzarella'),(72,'Roasted wood pigeon with black pudding'),(158,'Rocket and mozzarella salad with a cracked pepper dressing'),(71,'Rocky Road'),(79,'Rosemary and lemon roast chicken'),(590,'Rosemary and thyme grilled chicken'),(140,'Rosemary and thyme marinated venison'),(746,'Rum Fried Banana'),(154,'Rum poached pears with dark chocolate sauce'),(116,'Russian mini pork pies'),(650,'Rye apple cake'),(351,'S\'mores'),(774,'S’mores with smoked marshmallows'),(704,'Salmon Fishcakes with Rocket Salad'),(762,'Salmon Salad'),(856,'Salmon with mango salsa'),(109,'Salt and pepper squid'),(185,'Salt baked cod with lemon and dill butter'),(645,'Salt beef bagel with mustard & pickles'),(338,'Salt cod croquettes'),(664,'Salted butterscotch oatmeal cookies'),(405,'Salted caramel cheesecake'),(400,'Salted caramel crème brûlée'),(584,'Salted caramel ice cream and peanuts'),(283,'Salted caramel soufflé'),(805,'Salted caramels'),(97,'Sashimi'),(626,'Sashimi sushi'),(649,'Schäufele'),(425,'Scones with cloudberry jam'),(581,'Scotch bonnet beef chilli'),(27,'Scotch broth with sourdough bread'),(270,'Scottish raspberry cranachan parfait'),(552,'Scottish tablet'),(272,'Sea bass ceviche'),(289,'Sea buckthorn cheesecake'),(273,'Sea salt fudge'),(876,'Seafood salad'),(188,'Seared lemon and herb salmon'),(293,'Seared scallops'),(872,'Seared steak'),(450,'Seared steak with a peppercorn sauce'),(847,'Seriously sharp hard Cheddar'),(438,'Set vanilla custard'),(370,'Sharp cheddar cheese and crackers'),(43,'Sharp cheddar cheese and onion/ raisin chutney'),(260,'Sharp cheddar with mango chutney'),(324,'Shortbread and raspberry jam thumbprint cookie'),(19,'Shortbread cookies'),(201,'Shredded chicken and mango salsa taquitos'),(309,'Shredded chicken tacos with a mango chilli lime salsa'),(261,'Shredded chicken tacos with pico de gallo'),(619,'Shrimp aguachile'),(767,'Simnel Cake'),(429,'Sirloin steak with fresh salad'),(787,'Sloe gin mixer'),(231,'Slow cooked lamb shoulder with mint sauce'),(542,'Smoked aubergine tapenade with rye bread'),(331,'Smoked bratwurst and mustard'),(8,'Smoked chicken wings'),(603,'Smoked chorizo and strong cheese board'),(541,'Smoked cured beef'),(443,'Smoked dry-cured venison sausage'),(637,'Smoked mackerel & radish salad'),(648,'Smoked salmon tostada'),(529,'Smoked venison sausage'),(786,'Smoked venison stew'),(91,'Smokey chipotle beef brisket tostada'),(316,'Smokey sweet pulled brisket'),(329,'Smörgås with cream topping'),(744,'Soft pretzel with mustard'),(411,'Soy and honey glazed mackerel'),(682,'Soy-Glazed Chicken Thighs'),(128,'Spiced and blackened cajun chicken'),(274,'Spiced carrot and coriander soup'),(453,'Spiced cranberry turkey'),(491,'Spiced fruit cake'),(213,'Spiced nut loaf'),(362,'Spiced pumpkin pie with chocolate whipped cream'),(228,'Spiced shrimp salad'),(90,'Spicy Asian-style noodles'),(696,'Spicy Bean Burrito'),(254,'Spicy beef and Mexican black bean burger'),(630,'Spicy beef empanadas'),(311,'Spicy black bean and chicken tortilla soup'),(346,'Spicy cajun fried chicken'),(308,'Spicy carne asada with a pico de gallo sauce'),(386,'Spicy carne asada with black beans and Mexican Rice'),(602,'Spicy chicken and chilli verde sauce enchiladas'),(172,'Spicy chicken empanadas'),(54,'Spicy chicken skewers'),(1,'Spicy chicken tikka masala'),(390,'Spicy chilli and coriander Thai beef stew'),(275,'Spicy chilli king prawns'),(741,'Spicy Chilli Prawns'),(853,'Spicy chorizo and prawn Jambalaya'),(11,'Spicy crab cakes'),(12,'Spicy cucumber and carrot Thai salad'),(181,'Spicy Daal with garlic naan bread'),(538,'Spicy fish tacos'),(565,'Spicy fish tacos with mango chilli'),(369,'Spicy green chilli and lemongrass chicken thai curry'),(84,'Spicy jalapeño & seared steak fajitas'),(865,'Spicy jalapeño and seared steak fajitas'),(174,'Spicy kung po chicken'),(253,'Spicy lamb tikka masala'),(360,'Spicy mexican meatball stew'),(288,'Spicy orange chicken marmalade served with potato bread'),(256,'Spicy paella'),(518,'Spicy pork sausages with red potato mash'),(251,'Spicy seafood stew'),(24,'Spicy shredded pork roll with hot dipping sauce'),(246,'Spicy Thai peanut satay'),(564,'Spicy Vietnamese vermicelli salad'),(122,'Spicy wings with blue cheese dip'),(306,'Spicy wings with blue cheese sauce'),(783,'Spinach and feta salad'),(652,'Spinach and feta tacos'),(454,'Sriracha covered brussel sprouts'),(512,'Sriracha infused shredded beef'),(807,'Steak'),(728,'Steak and Kidney Pie'),(588,'Steak pasty'),(689,'Steak Pie and Winter Vegetables'),(544,'Steak taquitos with spicy mole sauce'),(249,'Steak tartare'),(780,'Steamed cod with ginger and spring onions'),(861,'Steamed mussels'),(297,'Sticky barbecue spare ribs'),(551,'Sticky spicy barbecue ribs'),(472,'Sticky spicy barbecue ribs with a strong blue cheese dipping sauce'),(756,'Sticky Toffee Pudding And Salted Caramel Ice Cream'),(105,'Stilton'),(862,'Stilton and walnut salad'),(765,'Stilton and Walnut Welsh Rarebit.'),(579,'Stilton Blue featured cheese platter'),(66,'Stilton on gingerbread biscuits'),(479,'Stilton tart'),(801,'Stir-fried chicken'),(444,'Strawberry and basil salad with feta'),(125,'Strawberry and citrus salad'),(16,'Strawberry and rhubarb pie'),(229,'Strawberry cheescake'),(421,'Strawberry filo tarts'),(674,'Strawberry ice cream sundae'),(528,'Strawberry tart'),(167,'Strong blue cheese'),(451,'Strong blue cheese and oatcakes'),(573,'Strong cheddar fondue'),(428,'Strong gorgonzola endive salad'),(136,'Sugar-poached kumquat rice pudding'),(520,'Summer berry cheesecake'),(127,'Summer berry fruit parfait'),(797,'Summer fruit pudding'),(76,'Summer fruit salad'),(296,'Summer salad with pickled veg'),(796,'Sushi maki'),(877,'Sweet and sour pork'),(13,'Sweet filled dumplings'),(840,'Sweet glazed ribs'),(143,'Sweet pork Chinese dumplings'),(92,'Sweet potato pie'),(463,'Sweet sticky beef brisket'),(42,'Swiss and horseradish sandwich'),(499,'T-bone steak with fried onions'),(678,'Taleggio and Spinach Tart'),(337,'Tamale'),(20,'Tandoori lamb with pomegranate'),(681,'Tempura Prawns'),(819,'Tempura seafood'),(536,'Thai fishcakes'),(666,'Thai Green Chicken Curry'),(114,'Thai green curry'),(836,'Thai red curry'),(811,'Thai sweet potato and carrot soup'),(844,'The biggest darkest chocolate cake you can find'),(556,'Thick cut salami pieces on tiger bread'),(494,'Thyme, rosemary and black pepper rubbed roast beef served with fried green beans'),(89,'Toasted almond cake'),(863,'Toffee caramel cheesecake'),(509,'Toffee chocolate cheesecake'),(96,'Toffee marshmallow pie'),(381,'Tofu pad Thai with fresh lime juice and coriander'),(149,'Tom yum soup'),(712,'Tomato and Herb Bruschetta'),(239,'Tomato and rosemary palmiers'),(594,'Tonkotsu Ramen'),(560,'Trifle or chocolate cake'),(653,'Triple chocolate chip cookies'),(462,'Truffle oil filet mignon'),(631,'Tuna & salmon sushi (with plenty of wasabi!)'),(113,'Tuna sushi roll with spicy mayonnaise sauce'),(519,'Turnip beef stew with crusty fresh baked bread'),(635,'Vanilla & raspberry panna cotta'),(534,'Vanilla bean white chocolate'),(642,'Vanilla milkshake'),(667,'Vanilla Panna Cotta'),(827,'Vanilla panna cotta with pomegranate'),(773,'Vegan Mac and ‘Cheese’'),(38,'Vegetable egg scramble'),(665,'Vegetable Samosas'),(147,'Venison & cranberry pie'),(562,'Venison and Winter vegetable stew'),(507,'Venison stroganoff'),(94,'Venison with cacao nibs'),(376,'Venison with warm spices (cardamom) and sweet potato'),(530,'Very mature Cheddar'),(14,'Vietnamese squid salad'),(30,'Vinegar doused fish and chips'),(304,'Waffles with caramelised apple and powdered sugar'),(816,'Walnut and goat\'s cheese salad with pomegranate dressing'),(693,'Warm Banana Bread'),(29,'Warm blackberry pie'),(549,'Warm blueberry pie'),(457,'Warm goats cheese salad'),(559,'Warms goats cheese salad'),(835,'Watercress rochfort and walnut salad'),(607,'Watermelon and feta salad with balsamic reduction'),(771,'White Chocolate and Pistachio Cheesecake'),(399,'Whole baked reblochon'),(636,'Wild boar salami'),(378,'Wild rice salad with wild mushrooms'),(10,'Yuzu cheesecake');
/*!40000 ALTER TABLE `foods` ENABLE KEYS */;
UNLOCK TABLES;

--
-- Table structure for table `hop_attributes`
--

DROP TABLE IF EXISTS `hop_attributes`;
/*!40101 SET @saved_cs_client     = @@character_set_client */;
/*!40101 SET character_set_client = utf8 */;
CREATE TABLE `hop_attributes` (
  `id` int(11) NOT NULL AUTO_INCREMENT,
  `attribute` varchar(50) COLLATE utf16_unicode_ci NOT NULL,
  PRIMARY KEY (`id`),
  UNIQUE KEY `unq_hop_attributes` (`attribute`)
) ENGINE=InnoDB AUTO_INCREMENT=8 DEFAULT CHARSET=utf16 COLLATE=utf16_unicode_ci;
/*!40101 SET character_set_client = @saved_cs_client */;

--
-- Dumping data for table `hop_attributes`
--

LOCK TABLES `hop_attributes` WRITE;
/*!40000 ALTER TABLE `hop_attributes` DISABLE KEYS */;
INSERT INTO `hop_attributes` VALUES (3,'Aroma'),(5,'Aroma / Bitter'),(1,'Bitter'),(7,'Bittering'),(2,'Flavour'),(4,'Twist'),(6,'Wood Ageing');
/*!40000 ALTER TABLE `hop_attributes` ENABLE KEYS */;
UNLOCK TABLES;

--
-- Table structure for table `hop_pairings`
--

DROP TABLE IF EXISTS `hop_pairings`;
/*!40101 SET @saved_cs_client     = @@character_set_client */;
/*!40101 SET character_set_client = utf8 */;
CREATE TABLE `hop_pairings` (
  `id` int(11) NOT NULL AUTO_INCREMENT,
  `added` varchar(50) COLLATE utf16_unicode_ci NOT NULL,
  `quantity` float NOT NULL,
  `id_beers` int(11) NOT NULL,
  `id_hops` int(11) NOT NULL,
  `attribute_id` int(11) NOT NULL,
  PRIMARY KEY (`id`),
  KEY `fk_hop_pairings_hop_attributes` (`attribute_id`),
  KEY `hop_pairings_id_beer_index` (`id_beers`),
  KEY `hop_pairings_id_hops_index` (`id_hops`),
  CONSTRAINT `fk_hop_pairings_hop_attributes` FOREIGN KEY (`attribute_id`) REFERENCES `hop_attributes` (`id`) ON DELETE NO ACTION ON UPDATE NO ACTION,
  CONSTRAINT `hops_pairings_beers_fk` FOREIGN KEY (`id_beers`) REFERENCES `beers` (`id`) ON DELETE NO ACTION ON UPDATE NO ACTION,
  CONSTRAINT `hops_pairings_hops_fk` FOREIGN KEY (`id_hops`) REFERENCES `hops` (`id`) ON DELETE NO ACTION ON UPDATE NO ACTION
) ENGINE=InnoDB AUTO_INCREMENT=4466 DEFAULT CHARSET=utf16 COLLATE=utf16_unicode_ci;
/*!40101 SET character_set_client = @saved_cs_client */;

--
-- Dumping data for table `hop_pairings`
--

LOCK TABLES `hop_pairings` WRITE;
/*!40000 ALTER TABLE `hop_pairings` DISABLE KEYS */;
INSERT INTO `hop_pairings` VALUES (2649,'start',25,1,75,1),(2650,'start',25,1,76,1),(2651,'middle',37.5,1,75,2),(2652,'middle',37.5,1,76,2),(2653,'end',37.5,1,77,2),(2654,'start',13.8,2,78,1),(2655,'start',13.8,2,79,1),(2656,'end',26.3,2,78,2),(2657,'end',18.8,2,80,2),(2658,'middle',10,3,81,1),(2659,'start',5,4,82,1),(2660,'start',5,4,78,1),(2661,'middle',10,4,82,2),(2662,'middle',10,4,78,2),(2663,'end',17.5,4,82,2),(2664,'end',17.5,4,78,2),(2665,'start',60,5,83,1),(2666,'middle',60,5,83,2),(2667,'end',60,5,83,2),(2668,'start',2.5,6,78,1),(2669,'middle',5,6,84,2),(2670,'middle',5,6,78,2),(2671,'middle',2.5,6,85,2),(2672,'end',20,6,84,2),(2673,'end',12.5,6,78,2),(2674,'start',31.25,7,86,1),(2675,'start',12.5,7,87,1),(2676,'middle',12.5,7,87,2),(2677,'end',12.5,7,86,2),(2678,'end',25,7,82,2),(2679,'end',25,7,78,2),(2680,'dry hop',25,7,82,3),(2681,'dry hop',25,7,78,3),(2682,'dry hop',37.5,7,86,3),(2683,'start',7.5,8,87,1),(2684,'middle',5,8,87,2),(2685,'middle',6.25,8,88,2),(2686,'middle',6.25,8,83,2),(2687,'end',18.75,8,88,2),(2688,'end',18.75,8,83,2),(2689,'start',25,9,83,1),(2690,'start',31.3,9,76,1),(2691,'start',60,10,81,1),(2692,'end',50,10,81,2),(2693,'start',25,11,76,1),(2694,'start',25,11,75,1),(2695,'middle',250,11,89,2),(2696,'middle',375,11,90,2),(2697,'end',10,11,76,3),(2698,'end',10,11,75,3),(2699,'start',12.5,12,79,1),(2700,'middle',19,12,79,2),(2701,'end',12.5,12,79,2),(2702,'end',12.5,12,78,2),(2703,'end',12.5,12,91,2),(2704,'dry hop',62.5,12,79,3),(2705,'dry hop',62.5,12,78,3),(2706,'dry hop',62.5,12,91,3),(2707,'start',43.8,13,77,1),(2708,'end',81.3,13,77,2),(2709,'dry hop',250,13,77,3),(2710,'start',15,14,84,1),(2711,'end',10,14,78,2),(2712,'end',30,14,84,2),(2713,'start',12.5,15,92,1),(2714,'end',37.5,15,82,2),(2715,'end',37.5,15,77,2),(2716,'end',37.5,15,79,2),(2717,'start',31.25,16,93,1),(2718,'end',25,16,93,1),(2719,'end',25,16,94,2),(2720,'end',25,16,95,2),(2721,'dry hop',75,16,93,3),(2722,'dry hop',75,16,95,3),(2723,'dry hop',100,16,79,3),(2724,'start',20,17,96,1),(2725,'start',25,17,78,1),(2726,'end',25,17,97,2),(2727,'end',25,17,77,2),(2728,'end',25,17,82,2),(2729,'end',25,17,93,2),(2730,'dry hop',25,17,97,3),(2731,'dry hop',25,17,77,3),(2732,'dry hop',25,17,82,3),(2733,'dry hop',25,17,93,3),(2734,'dry hop',25,17,78,3),(2735,'start',2.5,18,77,1),(2736,'middle',12.5,18,82,2),(2737,'middle',17.5,18,79,2),(2738,'end',17.5,18,79,2),(2739,'end',17.5,18,91,2),(2740,'dry hop',75,18,79,3),(2741,'dry hop',75,18,77,3),(2742,'dry hop',75,18,82,3),(2743,'dry hop',25,18,91,3),(2744,'start',7,19,86,1),(2745,'start',5.5,19,80,1),(2746,'middle',2.5,19,95,2),(2747,'middle',2.5,19,98,2),(2748,'dry hop',15,19,99,3),(2749,'dry hop',15,19,95,3),(2750,'dry hop',20,19,84,3),(2751,'start',12.5,20,93,1),(2752,'middle',12.5,20,88,2),(2753,'start',2.5,21,100,1),(2754,'middle',2.5,21,78,2),(2755,'middle',2.5,21,84,2),(2756,'middle',2.5,21,80,2),(2757,'end',6,21,79,2),(2758,'end',6,21,91,2),(2759,'end',6,21,100,2),(2760,'start',100,22,84,1),(2761,'end',100,22,84,2),(2762,'start',17.5,23,101,1),(2763,'start',15,23,97,1),(2764,'middle',17.5,23,102,2),(2765,'middle',17.5,23,97,2),(2766,'end',17.5,23,101,2),(2767,'end',27.5,23,97,2),(2768,'end',17.5,23,102,2),(2769,'end',17.5,23,80,2),(2770,'start',6.25,24,84,1),(2771,'start',12.5,24,82,1),(2772,'end',12.5,24,84,2),(2773,'end',12.5,24,78,2),(2774,'end',12.5,24,82,2),(2775,'start',18.75,25,76,1),(2776,'end',25,25,76,2),(2777,'end',16.25,25,103,2),(2778,'start',25,26,77,1),(2779,'end',18.8,26,77,2),(2780,'end',18.8,26,82,2),(2781,'end',25,26,78,2),(2782,'end',31.3,26,79,2),(2783,'start',50,27,97,1),(2784,'start',25,27,77,1),(2785,'15',25,27,75,1),(2786,'15',12.5,27,104,4),(2787,'0',25,27,75,3),(2788,'0',12.5,27,104,4),(2789,'start',40,28,105,1),(2790,'end',100,28,105,2),(2791,'dry hop',250,28,105,3),(2792,'start',20,29,97,1),(2793,'middle',5,29,97,1),(2794,'middle',5,29,82,1),(2795,'end',62.5,29,97,2),(2796,'end',62.5,29,82,2),(2797,'dry hop',100,29,97,3),(2798,'start',2.5,30,106,1),(2799,'middle',25,30,106,2),(2800,'end',37.5,30,106,2),(2801,'dry hop',125,30,106,3),(2802,'start',6.3,31,78,1),(2803,'start',5,31,79,1),(2804,'start',6.3,31,82,1),(2805,'middle',6.3,31,78,2),(2806,'middle',2.5,31,79,2),(2807,'middle',6.3,31,82,2),(2808,'end',5,31,78,2),(2809,'end',5,31,79,2),(2810,'end',12.5,31,77,2),(2811,'end',12.5,31,101,2),(2812,'dry hop',50,31,82,3),(2813,'dry hop',50,31,77,3),(2814,'dry hop',25,31,101,3),(2815,'dry hop',25,31,79,3),(2816,'dry hop',37.5,31,93,3),(2817,'start',50,32,76,1),(2818,'end',50,32,76,2),(2819,'start',14.5,33,103,1),(2820,'end',20,33,103,2),(2821,'start',18.5,34,76,1),(2822,'middle',12.5,34,94,2),(2823,'middle',6,34,107,2),(2824,'middle',10,35,81,1),(2825,'start',50,36,97,1),(2826,'middle',25,36,77,2),(2827,'middle',25,36,91,2),(2828,'middle',25,36,97,2),(2829,'end',25,36,97,2),(2830,'end',25,36,91,2),(2831,'end',25,36,77,2),(2832,'dry hop',125,36,77,3),(2833,'dry hop',125,36,97,3),(2834,'dry hop',125,36,91,3),(2835,'start',31,37,92,1),(2836,'start',19.5,37,93,1),(2837,'middle',19.5,37,93,2),(2838,'middle',19.5,37,82,2),(2839,'middle',19.5,37,79,2),(2840,'end',19.5,37,93,2),(2841,'end',19.5,37,82,2),(2842,'dry hop',115.5,37,82,3),(2843,'dry hop',96,37,93,3),(2844,'dry hop',96,37,79,3),(2845,'dry hop',77,37,78,3),(2846,'start',5,38,82,1),(2847,'start',5,38,78,1),(2848,'middle',10,38,82,2),(2849,'middle',10,38,78,2),(2850,'end',17.5,38,82,2),(2851,'end',17.5,38,78,2),(2852,'start',37.5,39,108,1),(2853,'middle',25,39,108,2),(2854,'end',37.5,39,108,2),(2855,'dry hop',250,39,108,3),(2856,'start',4,40,91,1),(2857,'middle',37.5,40,91,2),(2858,'end',37.5,40,91,2),(2859,'end',62.5,40,109,2),(2860,'end',250,40,110,2),(2861,'dry hop',112.5,40,91,3),(2862,'dry hop',200,40,111,3),(2863,'dry hop',187.5,40,82,3),(2864,'start',20,41,112,1),(2865,'end',50,41,94,2),(2866,'start',30.8,42,92,1),(2867,'start',19.2,42,93,1),(2868,'middle',19.2,42,93,2),(2869,'middle',19.2,42,82,2),(2870,'middle',19.2,42,79,2),(2871,'end',19.2,42,93,2),(2872,'end',19.2,42,82,2),(2873,'end',19.2,42,79,2),(2874,'dry hop',115.4,42,82,3),(2875,'dry hop',96.2,42,93,3),(2876,'dry hop',96.2,42,79,3),(2877,'dry hop',76.9,42,78,3),(2878,'start',25,43,101,1),(2879,'end',25,43,101,2),(2880,'start',20,44,84,1),(2881,'start',20,44,80,1),(2882,'middle',10,44,84,2),(2883,'middle',10,44,80,2),(2884,'end',20,44,84,2),(2885,'end',20,44,80,2),(2886,'dry hop',100,44,80,3),(2887,'dry hop',87.5,44,84,3),(2888,'start',25,45,78,1),(2889,'middle',12.5,45,78,2),(2890,'end',12.5,45,81,2),(2891,'end',50,45,78,2),(2892,'start',6.25,46,84,1),(2893,'start',12.5,46,82,1),(2894,'end',12.5,46,84,2),(2895,'end',12.5,46,78,2),(2896,'end',12.5,46,82,2),(2897,'dry hop',12.5,46,84,3),(2898,'dry hop',12.5,46,78,3),(2899,'dry hop',12.5,46,82,3),(2900,'start',62.5,47,103,1),(2901,'end',25,47,94,3),(2902,'start',37.5,48,113,1),(2903,'middle',25,48,113,2),(2904,'end',37.5,48,113,2),(2905,'dry hop',125,48,113,3),(2906,'start',30,49,81,1),(2907,'middle',12.5,49,79,2),(2908,'middle',15,49,83,2),(2909,'end',12.5,49,79,2),(2910,'end',15,49,83,2),(2911,'start',35,50,76,1),(2912,'start',25,51,114,1),(2913,'middle',25,51,114,2),(2914,'end',25,51,114,2),(2915,'end',12.5,51,115,2),(2916,'end',12.5,51,116,2),(2917,'start',75,52,93,1),(2918,'middle',25,52,93,2),(2919,'end',25,52,83,2),(2920,'end',25,52,76,2),(2921,'start',18.5,53,76,1),(2922,'start',12.5,53,94,1),(2923,'start',6,53,107,1),(2924,'start',12.5,54,87,1),(2925,'middle',25,54,97,2),(2926,'middle',6.25,54,91,2),(2927,'end',37.5,54,97,2),(2928,'end',18.75,54,91,2),(2929,'fv',100,54,97,3),(2930,'fv',75,54,91,3),(2931,'start',20,55,78,1),(2932,'middle',25,55,78,2),(2933,'end',37.5,55,78,2),(2934,'dry hop',250,55,78,3),(2935,'start',62.5,56,87,1),(2936,'end',31.25,56,94,2),(2937,'end',31.25,56,76,2),(2938,'start',50,57,93,1),(2939,'start',50,57,82,1),(2940,'middle',12.5,57,93,2),(2941,'middle',12.5,57,82,2),(2942,'end',37.5,57,93,2),(2943,'end',37.5,57,82,2),(2944,'end',37.5,57,79,2),(2945,'start',25,58,97,1),(2946,'start',25,58,95,1),(2947,'end',25,58,95,2),(2948,'end',25,58,76,2),(2949,'end',9.4,58,104,2),(2950,'dry hop',9.4,58,104,3),(2951,'start',41.5,59,117,1),(2952,'middle',41.5,59,117,2),(2953,'end',41.5,59,117,2),(2954,'start',75,60,83,1),(2955,'start',10,60,76,1),(2956,'end',25,61,79,2),(2957,'end',25,61,78,2),(2958,'start',81.25,62,76,1),(2959,'end',62.5,62,76,2),(2960,'end',12.5,62,118,2),(2961,'start',20,63,97,1),(2962,'start',12.5,63,101,1),(2963,'middle',20,63,97,2),(2964,'middle',12.5,63,101,2),(2965,'end',30,63,97,2),(2966,'end',12.5,63,101,2),(2967,'end',12.5,63,79,2),(2968,'end',140,63,84,2),(2969,'start',12.5,64,83,1),(2970,'middle',12.5,64,107,2),(2971,'end',12.5,64,119,2),(2972,'end',25,64,120,2),(2973,'end',25,64,119,2),(2974,'dry hop',75,64,120,3),(2975,'dry hop',37.5,64,119,3),(2976,'start',12.5,65,121,1),(2977,'end',12.5,65,81,3),(2978,'end',12.5,65,99,3),(2979,'start',37.5,66,97,1),(2980,'start',37.5,66,95,1),(2981,'start',37.5,66,97,1),(2982,'start',37.5,66,95,1),(2983,'end',25,66,95,2),(2984,'end',25,66,76,2),(2985,'end',25,66,97,2),(2986,'start',10,67,78,1),(2987,'start',15,67,79,1),(2988,'end',25,67,78,2),(2989,'end',20,67,91,2),(2990,'start',2,68,84,1),(2991,'end',5,68,84,2),(2992,'end',2.5,68,78,2),(2993,'start',15,69,100,1),(2994,'middle',12.5,69,83,2),(2995,'middle',12.5,69,75,2),(2996,'start',37.5,70,79,1),(2997,'end',25,70,99,2),(2998,'start',7.5,71,77,1),(2999,'middle',5,71,82,2),(3000,'middle',5,71,91,2),(3001,'end',17.5,71,79,2),(3002,'dry hop',62.5,71,79,3),(3003,'dry hop',62.5,71,77,3),(3004,'dry hop',62.5,71,82,3),(3005,'dry hop',12.5,71,91,3),(3006,'start',8.5,72,78,1),(3007,'start',8.5,72,91,1),(3008,'start',8.5,72,79,1),(3009,'end',5,72,78,2),(3010,'end',5,72,91,2),(3011,'end',5,72,79,2),(3012,'dry hop',1.5,72,78,3),(3013,'dry hop',1.5,72,91,3),(3014,'dry hop',1.5,72,79,3),(3015,'start',62.5,73,87,1),(3016,'end',31.25,73,94,1),(3017,'end',31.25,73,76,5),(3018,'start',5,74,79,1),(3019,'start',6.3,74,78,1),(3020,'middle',2.5,74,79,2),(3021,'middle',5,74,78,2),(3022,'middle',5,74,80,2),(3023,'end',12.5,74,79,2),(3024,'end',12.5,74,78,2),(3025,'end',12.5,74,80,2),(3026,'dry hop',12.5,74,79,3),(3027,'dry hop',12.5,74,78,3),(3028,'dry hop',12.5,74,80,3),(3029,'start',37.5,75,80,1),(3030,'end',18.75,75,80,2),(3031,'start',10,76,80,1),(3032,'start',12.5,76,87,1),(3033,'middle',6,76,77,2),(3034,'middle',6,76,78,2),(3035,'end',5,76,77,2),(3036,'end',5,76,78,2),(3037,'end',5,76,94,2),(3038,'start',2.5,77,82,1),(3039,'start',2.5,77,78,1),(3040,'middle',12.5,77,82,2),(3041,'middle',12.5,77,78,2),(3042,'end',25,77,82,2),(3043,'dry hop',150,77,78,3),(3044,'dry hop',125,77,82,3),(3045,'start',37.5,78,95,1),(3046,'end',50,78,94,1),(3047,'end',25,78,76,2),(3048,'start',40,79,97,1),(3049,'end',62.5,79,97,2),(3050,'end',62.5,79,82,2),(3051,'dry hop',178,79,97,3),(3052,'start',75,80,76,1),(3053,'start',75,80,75,1),(3054,'end',62.5,80,75,2),(3055,'end',37.5,80,118,2),(3056,'start',2.5,81,97,1),(3057,'end',25,81,78,2),(3058,'end',12.5,81,79,2),(3059,'end',25,81,91,2),(3060,'end',12.5,81,111,2),(3061,'dry hop',63,81,78,2),(3062,'dry hop',63,81,79,2),(3063,'dry hop',63,81,91,3),(3064,'start',47,82,93,1),(3065,'end',25,82,79,2),(3066,'end',25,82,82,2),(3067,'dry hop',25,82,93,3),(3068,'dry hop',37.5,82,79,3),(3069,'FV',12.5,82,91,3),(3070,'start',15,83,122,1),(3071,'middle',25,83,122,2),(3072,'end',37.5,83,122,2),(3073,'dry hop',250,83,122,3),(3074,'start',6.5,84,103,1),(3075,'end',6.5,84,103,2),(3076,'end',6.5,84,111,2),(3077,'end',6.5,84,78,2),(3078,'start',18.5,85,76,1),(3079,'start',12.5,85,94,1),(3080,'start',6.5,85,107,1),(3081,'start',30,86,78,1),(3082,'end',10,86,78,2),(3083,'end',10,86,114,2),(3084,'end',6,86,123,2),(3085,'end',6,86,124,2),(3086,'end',6,86,125,2),(3087,'end',100,86,126,2),(3088,'start',5,87,93,1),(3089,'middle',7.5,87,93,2),(3090,'middle',12.5,87,101,2),(3091,'end',37.5,87,101,2),(3092,'dry hop',125,87,101,3),(3093,'dry hop',125,87,93,3),(3094,'start',5,88,82,1),(3095,'start',5,88,78,1),(3096,'middle',10,88,82,2),(3097,'middle',10,88,78,2),(3098,'end',17.5,88,82,2),(3099,'end',17.5,88,78,2),(3100,'start',2.5,89,91,1),(3101,'middle',10,89,91,2),(3102,'end',37.5,89,91,2),(3103,'start',19,90,127,1),(3104,'start',38.5,90,93,1),(3105,'middle',19,90,82,2),(3106,'middle',19,90,79,2),(3107,'end',19,90,82,2),(3108,'end',19,90,79,2),(3109,'end',19,90,94,2),(3110,'dry hop',38.5,90,82,3),(3111,'dry hop',38.5,90,79,3),(3112,'dry hop',38.5,90,94,3),(3113,'start',5,91,79,1),(3114,'start',5,91,91,1),(3115,'middle',5,91,79,2),(3116,'middle',5,91,91,2),(3117,'dry hop',50,91,79,3),(3118,'dry hop',75,91,91,3),(3119,'dry hop',62.5,91,111,3),(3120,'start',125,92,75,1),(3121,'end',37.5,92,75,2),(3122,'start',7.5,93,103,1),(3123,'start',7.5,93,78,1),(3124,'end',15,93,103,2),(3125,'end',15,93,78,2),(3126,'start',25,94,80,1),(3127,'middle',12.5,94,83,2),(3128,'middle',12.5,94,114,2),(3129,'end',12.5,94,83,2),(3130,'end',12.5,94,114,2),(3131,'start',25,95,78,1),(3132,'end',20,95,79,2),(3133,'end',25,95,78,2),(3134,'end',20,95,102,2),(3135,'end',20,95,128,2),(3136,'dry hop',50,95,79,3),(3137,'dry hop',50,95,78,3),(3138,'start',36,96,95,1),(3139,'end',37.5,96,94,2),(3140,'start',10,97,80,1),(3141,'start',10,97,76,1),(3142,'start',10,97,95,1),(3143,'end',5,97,80,2),(3144,'end',5,97,76,2),(3145,'end',10,97,95,2),(3146,'start',2.5,98,87,1),(3147,'middle',12.5,98,94,2),(3148,'middle',12.5,98,76,2),(3149,'start',12.5,99,99,1),(3150,'start',12.5,99,129,1),(3151,'middle',12.5,99,122,2),(3152,'middle',12.5,99,130,2),(3153,'end',12.5,99,82,2),(3154,'end',12.5,99,79,2),(3155,'end',12.5,99,91,2),(3156,'dry hop',25,99,122,3),(3157,'dry hop',62.5,99,82,3),(3158,'dry hop',62.5,99,79,3),(3159,'dry hop',62.5,99,91,3),(3160,'start',2.5,100,87,1),(3161,'middle',12.5,100,79,2),(3162,'middle',12.5,100,78,2),(3163,'end',25,100,111,2),(3164,'end',25,100,91,2),(3165,'end',12.5,100,78,2),(3166,'end',12.5,100,79,2),(3167,'dry hop',50,100,91,3),(3168,'dry hop',50,100,78,3),(3169,'dry hop',50,100,79,3),(3170,'start',14.3,101,93,1),(3171,'start',14.3,101,95,1),(3172,'start',21.4,101,95,1),(3173,'end',21.4,101,77,2),(3174,'end',21.4,101,93,2),(3175,'start',7.5,102,117,1),(3176,'start',7.5,102,131,1),(3177,'end',25,102,117,2),(3178,'end',25,102,131,2),(3179,'start',25,103,87,1),(3180,'middle',18.5,103,79,2),(3181,'middle',12.5,103,111,2),(3182,'middle',18.5,103,101,2),(3183,'end',18.5,103,101,2),(3184,'end',12.5,103,111,2),(3185,'dry hop',62.5,103,111,3),(3186,'dry hop',62.5,103,101,3),(3187,'dry hop',62.5,103,79,3),(3188,'start',6,104,77,1),(3189,'middle',6,104,77,2),(3190,'middle',12.5,104,83,2),(3191,'middle',12.5,104,88,2),(3192,'start',25,105,93,1),(3193,'start',25,105,82,1),(3194,'end',12.5,105,93,2),(3195,'end',12.5,105,82,2),(3196,'end',25,105,84,2),(3197,'end',37.5,105,132,2),(3198,'dry hop',71.43,105,93,3),(3199,'dry hop',71.43,105,82,3),(3200,'dry hop',71.43,105,84,3),(3201,'start',20,106,97,1),(3202,'start',12.5,106,101,1),(3203,'middle',20,106,97,2),(3204,'middle',12.5,106,101,2),(3205,'end',27.5,106,97,2),(3206,'end',12.5,106,101,2),(3207,'end',12.5,106,79,2),(3208,'end',12.5,106,84,2),(3209,'dry hop',47.5,106,97,3),(3210,'dry hop',37.5,106,101,3),(3211,'dry hop',37.5,106,79,3),(3212,'dry hop',20,106,84,3),(3213,'dry hop',37.5,106,77,3),(3214,'dry hop',10,106,78,3),(3215,'start',2.5,107,133,1),(3216,'middle',25,107,133,2),(3217,'end',37.5,107,133,2),(3218,'dry hop',250,107,133,3),(3219,'start',5,108,82,1),(3220,'start',5,108,78,1),(3221,'middle',10,108,82,2),(3222,'middle',10,108,78,2),(3223,'end',17.5,108,82,2),(3224,'end',17.5,108,78,2),(3225,'start',75,109,77,1),(3226,'middle',25,109,77,2),(3227,'start',15,110,103,1),(3228,'middle',10,110,103,2),(3229,'end',10,110,103,2),(3230,'dry hop',1.5,110,103,3),(3231,'start',6.25,111,77,1),(3232,'start',6.25,111,78,1),(3233,'middle',5,111,82,2),(3234,'middle',5,111,97,2),(3235,'end',12.5,111,77,2),(3236,'end',7.5,111,82,2),(3237,'end',7.5,111,97,2),(3238,'end',12.5,111,78,2),(3239,'start',5,112,80,1),(3240,'middle',12.5,112,80,2),(3241,'end',12.5,112,80,2),(3242,'start',25,113,93,1),(3243,'start',25,113,82,1),(3244,'end',12.5,113,93,2),(3245,'end',12.5,113,82,2),(3246,'end',25,113,84,2),(3247,'end',37.5,113,132,2),(3248,'dry hop',71.5,113,134,3),(3249,'dry hop',71.5,113,81,3),(3250,'dry hop',71.5,113,79,3),(3251,'start',7.5,114,107,1),(3252,'middle',11.5,114,107,2),(3253,'middle',19,114,95,2),(3254,'start',7.5,115,101,1),(3255,'middle',5,115,97,2),(3256,'middle',7.5,115,101,2),(3257,'end',5,115,97,2),(3258,'end',7.5,115,101,2),(3259,'end',12.5,115,79,2),(3260,'end',6,115,84,2),(3261,'start',12.5,116,91,1),(3262,'middle',12.5,116,91,2),(3263,'end',25,116,91,2),(3264,'start',12.5,117,77,1),(3265,'start',12.5,117,83,1),(3266,'end',25,117,77,2),(3267,'end',12.5,117,80,2),(3268,'end',25,117,97,2),(3269,'start',12.5,118,95,1),(3270,'start',27.2,119,77,1),(3271,'end',27.2,119,77,2),(3272,'start',37.5,120,95,1),(3273,'end',50,120,94,2),(3274,'end',25,120,76,2),(3275,'start',17.5,121,101,1),(3276,'start',15,121,97,1),(3277,'middle',17.5,121,102,2),(3278,'middle',17.5,121,97,2),(3279,'end',17.5,121,101,2),(3280,'end',17.5,121,97,2),(3281,'end',17.5,121,80,2),(3282,'dry hop',30,121,97,3),(3283,'start',50,122,97,1),(3284,'middle',62.5,122,78,2),(3285,'end',62.5,122,97,2),(3286,'dry hop',107.14,122,78,3),(3287,'dry hop',142.86,122,97,3),(3288,'start',25,123,87,1),(3289,'end',25,123,88,2),(3290,'start',12.5,124,84,1),(3291,'start',12.5,124,84,1),(3292,'middle',12.5,124,84,2),(3293,'end',50,124,84,2),(3294,'start',31.25,125,101,1),(3295,'end',31.25,125,101,2),(3296,'dry hop',25,125,135,3),(3297,'start',12.5,126,87,1),(3298,'middle',6.3,126,103,2),(3299,'start',75.4,127,136,1),(3300,'end',75.4,127,136,2),(3301,'dry hop',250,127,136,3),(3302,'start',50,128,80,1),(3303,'end',31.25,128,80,2),(3304,'dry hop',250,128,80,3),(3305,'start',12.5,129,81,1),(3306,'middle',12.5,129,81,2),(3307,'middle',12.5,129,103,2),(3308,'end',25,129,103,2),(3309,'end',25,129,94,2),(3310,'start',3.5,130,91,1),(3311,'start',1.5,130,103,1),(3312,'start',75,131,80,1),(3313,'end',100,131,80,2),(3314,'dry hop',250,131,80,3),(3315,'start',2.5,132,77,1),(3316,'start',2.5,132,78,1),(3317,'middle',2.5,132,84,2),(3318,'end',12.5,132,78,2),(3319,'end',12.5,132,84,2),(3320,'dry hop',25,132,79,3),(3321,'dry hop',50,132,77,3),(3322,'dry hop',25,132,101,3),(3323,'dry hop',12.5,132,84,3),(3324,'dry hop',50,132,82,3),(3325,'dry hop',25,132,78,3),(3326,'start',25,133,79,1),(3327,'start',25,133,78,1),(3328,'middle',12.5,133,104,2),(3329,'end',37.5,133,78,2),(3330,'end',37.5,133,79,2),(3331,'end',12.5,133,104,2),(3332,'dry hop',125,133,79,3),(3333,'dry hop',125,133,78,3),(3334,'start',81.25,134,97,1),(3335,'end',62.5,134,103,2),(3336,'start',8.5,135,91,1),(3337,'end',62.5,135,91,2),(3338,'dry hop',31.5,135,91,3),(3339,'start',9.5,136,80,1),(3340,'start',19,136,107,1),(3341,'middle',19,136,78,2),(3342,'middle',19,136,80,2),(3343,'end',19,136,78,2),(3344,'end',28.5,136,80,2),(3345,'dry hop',57.5,136,78,3),(3346,'dry hop',57.5,136,82,3),(3347,'dry hop',57.5,136,79,3),(3348,'start',30.8,137,92,1),(3349,'start',19.2,137,93,1),(3350,'middle',19.2,137,93,2),(3351,'middle',19.2,137,82,2),(3352,'middle',19.2,137,79,2),(3353,'end',19.2,137,93,2),(3354,'end',19.2,137,82,2),(3355,'end',19.2,137,79,2),(3356,'dry hop',115.4,137,82,3),(3357,'dry hop',96.2,137,93,3),(3358,'dry hop',96.2,137,79,3),(3359,'dry hop',76.9,137,78,3),(3360,'start',50,138,97,1),(3361,'start',25,138,77,1),(3362,'middle',25,138,75,2),(3363,'middle',12.5,138,118,2),(3364,'end',25,138,75,2),(3365,'end',12.5,138,118,4),(3366,'start',25,139,137,1),(3367,'middle',12.5,139,78,2),(3368,'middle',12.5,139,79,2),(3369,'end',25,139,111,2),(3370,'end',25,139,91,2),(3371,'end',25,139,78,2),(3372,'end',25,139,79,2),(3373,'dry hop',62.5,139,91,3),(3374,'dry hop',62.5,139,78,3),(3375,'dry hop',62.5,139,79,3),(3376,'dry hop',62.5,139,111,3),(3377,'start',41.5,140,138,1),(3378,'middle',41.5,140,138,2),(3379,'end',41.5,140,138,2),(3380,'start',38.5,141,82,1),(3381,'middle',19,141,82,2),(3382,'end',77,141,82,2),(3383,'end',38.5,141,139,2),(3384,'start',5,142,91,1),(3385,'start',5,142,78,1),(3386,'end',7.5,142,91,2),(3387,'end',7.5,142,78,2),(3388,'start',2.5,143,91,1),(3389,'start',6,143,99,1),(3390,'middle',12.5,143,82,2),(3391,'middle',10,143,91,2),(3392,'end',12.5,143,91,2),(3393,'end',12.5,143,111,2),(3394,'end',12.5,143,81,2),(3395,'dry hop',50,143,82,3),(3396,'dry hop',50,143,91,3),(3397,'dry hop',50,143,81,3),(3398,'dry hop',50,143,111,3),(3399,'dry hop',12.5,143,84,3),(3400,'dry hop',12.5,143,79,3),(3401,'start',37.5,144,97,1),(3402,'start',37.5,144,95,1),(3403,'start',37.5,144,97,1),(3404,'start',37.5,144,95,1),(3405,'end',25,144,95,2),(3406,'end',25,144,76,2),(3407,'end',25,144,97,2),(3408,'start',17.5,145,95,1),(3409,'start',17.5,145,103,1),(3410,'start',17.5,145,140,1),(3411,'middle',17.5,145,95,2),(3412,'middle',17.5,145,103,2),(3413,'middle',17.5,145,140,2),(3414,'end',17.5,145,95,2),(3415,'end',17.5,145,103,2),(3416,'end',17.5,145,140,2),(3417,'dry hop',10,145,95,3),(3418,'dry hop',10,145,103,3),(3419,'dry hop',10,145,140,3),(3420,'start',37.5,146,84,1),(3421,'end',50,146,84,2),(3422,'start',25,147,93,1),(3423,'start',25,147,82,1),(3424,'middle',25,147,93,2),(3425,'middle',25,147,82,2),(3426,'middle',75,147,84,2),(3427,'middle',75,147,81,2),(3428,'end',75,147,93,2),(3429,'end',75,147,82,2),(3430,'end',75,147,84,2),(3431,'end',75,147,81,2),(3432,'dry hop',70,147,84,3),(3433,'dry hop',70,147,81,3),(3434,'dry hop',70,147,79,3),(3435,'start',18.8,148,97,1),(3436,'start',18.8,148,82,1),(3437,'start',12.5,148,97,1),(3438,'start',12.5,148,82,1),(3439,'end',62.5,148,97,2),(3440,'end',62.5,148,82,2),(3441,'end',62.5,148,101,2),(3442,'dry hop',175,148,97,3),(3443,'dry hop',175,148,82,3),(3444,'dry hop',150,148,101,3),(3445,'end',66.7,149,87,2),(3446,'start',125,150,83,1),(3447,'end',37.5,150,83,2),(3448,'start',10,151,87,1),(3449,'middle',12.5,151,78,2),(3450,'middle',12.5,151,79,2),(3451,'end',12.5,151,78,2),(3452,'end',12.5,151,79,2),(3453,'start',12.5,152,97,1),(3454,'end',37.5,152,78,2),(3455,'end',25,152,97,2),(3456,'end',37.5,152,111,2),(3457,'dry hop',62.5,152,78,3),(3458,'dry hop',62.5,152,97,3),(3459,'dry hop',62.5,152,111,3),(3460,'start',7.5,153,91,1),(3461,'start',5,153,78,1),(3462,'middle',7.5,153,91,2),(3463,'middle',5,153,78,2),(3464,'end',7.5,153,91,2),(3465,'end',7.5,153,103,2),(3466,'end',7.5,153,111,2),(3467,'start',2.5,154,111,1),(3468,'middle',12.5,154,77,2),(3469,'end',50,154,141,2),(3470,'dry hop',50,154,77,3),(3471,'dry hop',50,154,111,3),(3472,'start',12.5,156,87,1),(3473,'start',12.5,156,95,1),(3474,'start',12.5,156,142,1),(3475,'start',6.25,156,87,1),(3476,'start',6.25,156,95,1),(3477,'end',25,156,77,2),(3478,'end',25,156,95,2),(3479,'start',2.5,157,79,1),(3480,'middle',25,157,79,2),(3481,'end',37.5,157,79,2),(3482,'dry hop',187.5,157,79,3),(3483,'start',15.5,158,143,1),(3484,'start',10.2,158,143,1),(3485,'middle',6.1,158,80,2),(3486,'end',12.5,158,143,2),(3487,'end',25,158,80,2),(3488,'end',12.5,158,78,2),(3489,'start',12.5,159,121,1),(3490,'middle',12.5,159,82,2),(3491,'end',12.5,159,82,2),(3492,'end',16.5,159,108,2),(3493,'dry hop',12.5,159,121,3),(3494,'dry hop',62.5,159,91,3),(3495,'dry hop',87.5,159,79,3),(3496,'dry hop',37.5,159,82,3),(3497,'dry hop',50,159,78,3),(3498,'start',37.5,160,93,1),(3499,'middle',37.5,160,93,2),(3500,'middle',18.5,160,76,2),(3501,'middle',12.5,160,80,2),(3502,'middle',12.5,160,88,2),(3503,'end',18.5,160,76,2),(3504,'end',12.5,160,80,2),(3505,'end',12.5,160,88,2),(3506,'start',10,161,137,1),(3507,'end',37.5,161,91,2),(3508,'end',37.5,161,78,2),(3509,'end',37.5,161,82,2),(3510,'dry hop',100,161,91,3),(3511,'dry hop',100,161,78,3),(3512,'dry hop',100,161,82,3),(3513,'start',37.5,162,97,1),(3514,'start',37.5,162,95,1),(3515,'start',37.5,162,97,1),(3516,'start',37.5,162,95,1),(3517,'end',25,162,95,2),(3518,'end',25,162,76,2),(3519,'end',25,162,97,2),(3520,'start',37.5,163,107,1),(3521,'middle',25,163,107,2),(3522,'middle',37.5,163,144,2),(3523,'end',25,163,83,2),(3524,'start',5,164,93,1),(3525,'start',12.5,164,88,1),(3526,'end',12.5,164,83,2),(3527,'start',2.5,165,140,1),(3528,'middle',41.5,165,140,2),(3529,'end',41.5,165,140,2),(3530,'start',75,166,82,1),(3531,'middle',25,166,82,2),(3532,'middle',25,166,79,2),(3533,'end',25,166,79,2),(3534,'end',25,166,91,2),(3535,'dry hop',200,166,79,3),(3536,'dry hop',150,166,91,3),(3537,'dry hop',200,166,82,3),(3538,'start',2.5,167,82,1),(3539,'start',2.5,167,78,1),(3540,'start',10,167,82,1),(3541,'start',10,167,78,1),(3542,'end',12.5,167,78,2),(3543,'dry hop',100,167,82,3),(3544,'dry hop',87.5,167,78,3),(3545,'start',18.75,168,79,1),(3546,'middle',18.75,168,79,1),(3547,'end',37.5,168,79,2),(3548,'dry hop',175,168,79,3),(3549,'dry hop',37.5,168,77,3),(3550,'dry hop',37.5,168,111,3),(3551,'start',25,169,82,1),(3552,'start',30,169,92,1),(3553,'middle',18.75,169,82,2),(3554,'middle',18.75,169,93,2),(3555,'end',50,169,82,2),(3556,'end',25,169,93,2),(3557,'dry hop',100,169,78,3),(3558,'dry hop',100,169,91,3),(3559,'dry hop',100,169,79,3),(3560,'start',31.3,171,142,1),(3561,'start',12.5,171,87,1),(3562,'start',12.5,171,87,1),(3563,'end',12.5,171,142,2),(3564,'end',25,171,82,2),(3565,'end',25,171,78,2),(3566,'start',85,172,99,1),(3567,'end',100,172,99,2),(3568,'dry hop',250,172,99,3),(3569,'start',2.5,173,145,1),(3570,'middle',10,173,145,2),(3571,'end',37.5,173,145,2),(3572,'start',13.5,174,97,1),(3573,'middle',41.5,174,97,2),(3574,'end',41.5,174,97,2),(3575,'start',12.5,175,78,1),(3576,'start',6,175,91,1),(3577,'start',12.5,175,77,1),(3578,'middle',6,175,78,2),(3579,'middle',6,175,91,2),(3580,'middle',12.5,175,77,2),(3581,'end',18.5,175,78,2),(3582,'end',12.5,175,91,2),(3583,'end',12.5,175,77,2),(3584,'dry hop',100,175,91,3),(3585,'dry hop',137.5,175,78,3),(3586,'dry hop',87.5,175,77,3),(3587,'start',125,176,76,1),(3588,'end',62.5,176,99,2),(3589,'end',125,176,78,2),(3590,'start',62.5,177,81,1),(3591,'end',50,177,76,2),(3592,'end',50,177,81,2),(3593,'start',50,178,97,1),(3594,'middle',25,178,75,2),(3595,'end',25,178,75,2),(3596,'end',25,178,94,2),(3597,'end',1.5,178,146,2),(3598,'end',1250,178,89,2),(3599,'end',25,178,147,2),(3600,'start',2.5,179,79,1),(3601,'middle',25,179,79,2),(3602,'end',37.5,179,79,2),(3603,'dry hop',250,179,79,3),(3604,'start',25,180,82,1),(3605,'start',37.5,180,82,1),(3606,'start',12.5,180,82,1),(3607,'start',50,180,93,1),(3608,'middle',25,180,82,2),(3609,'middle',25,180,93,2),(3610,'end',18.8,180,82,2),(3611,'end',18.8,180,93,2),(3612,'end',18.8,180,95,2),(3613,'end',18.8,180,79,2),(3614,'start',2.5,181,97,1),(3615,'end',37.5,181,78,2),(3616,'end',25,181,97,2),(3617,'end',37.5,181,111,2),(3618,'dry hop',62.5,181,78,3),(3619,'dry hop',62.5,181,97,3),(3620,'dry hop',62.5,181,111,3),(3621,'start',2.5,182,121,1),(3622,'middle',25,182,121,2),(3623,'end',37.5,182,121,2),(3624,'dry hop',250,182,121,3),(3625,'start',8.5,183,93,1),(3626,'end',20.5,183,77,2),(3627,'end',20.5,183,82,2),(3628,'end',20.5,183,93,2),(3629,'end',20.5,183,101,2),(3630,'dry hop',75,183,82,3),(3631,'dry hop',75,183,77,3),(3632,'dry hop',100,183,78,3),(3633,'start',1.25,184,77,1),(3634,'end',10,184,77,2),(3635,'end',10,184,82,2),(3636,'end',10,184,97,2),(3637,'end',10,184,78,2),(3638,'dry hop',75,184,97,3),(3639,'dry hop',75,184,78,3),(3640,'dry hop',100,184,77,3),(3641,'start',146,185,76,1),(3642,'middle',47,185,148,2),(3643,'middle',46,185,75,2),(3644,'end',62.5,185,81,2),(3645,'dry hop',62.5,185,113,3),(3646,'start',37.5,186,97,1),(3647,'start',37.5,186,95,1),(3648,'start',37.5,186,97,1),(3649,'start',37.5,186,95,1),(3650,'end',25,186,95,2),(3651,'end',25,186,76,2),(3652,'end',25,186,97,2),(3653,'start',50,187,80,1),(3654,'end',25,187,78,2),(3655,'end',12.5,187,80,2),(3656,'end',31,187,149,2),(3657,'dry hop',125,187,80,3),(3658,'dry hop',37.5,187,149,3),(3659,'dry hop',125,187,78,3),(3660,'start',12.5,188,82,1),(3661,'middle',6.25,188,79,2),(3662,'middle',7.5,188,77,2),(3663,'middle',7.5,188,78,2),(3664,'end',6.25,188,79,2),(3665,'end',7.5,188,77,2),(3666,'end',7.5,188,78,2),(3667,'dry hop',25,188,79,3),(3668,'dry hop',25,188,77,3),(3669,'dry hop',25,188,82,3),(3670,'dry hop',25,188,78,3),(3671,'start',75,189,93,1),(3672,'middle',25,189,93,2),(3673,'end',25,189,83,2),(3674,'end',25,189,76,2),(3675,'start',37.5,190,93,1),(3676,'middle',50,190,93,2),(3677,'end',62.5,190,83,2),(3678,'end',37.5,190,93,2),(3679,'end',12.5,190,146,2),(3680,'start',12.5,191,111,1),(3681,'middle',37.5,191,111,2),(3682,'end',37.5,191,111,2),(3683,'end',20,191,150,2),(3684,'dry hop',187.5,191,111,3),(3685,'start',25,192,87,1),(3686,'middle',12.5,192,94,2),(3687,'middle',12.5,192,78,2),(3688,'end',25,192,94,2),(3689,'end',25,192,78,2),(3690,'dry hop',125,192,78,3),(3691,'dry hop',125,192,94,3),(3692,'start',17.5,193,101,1),(3693,'start',15,193,97,1),(3694,'middle',17.5,193,102,2),(3695,'middle',17.5,193,97,2),(3696,'end',17.5,193,101,2),(3697,'end',27.5,193,97,2),(3698,'end',17.5,193,102,2),(3699,'end',17.5,193,80,2),(3700,'start',8.5,194,87,1),(3701,'start',30,195,93,1),(3702,'middle',40,195,93,2),(3703,'middle',40,195,82,2),(3704,'middle',40,195,79,2),(3705,'end',40,195,93,2),(3706,'end',40,195,82,2),(3707,'end',40,195,79,2),(3708,'dry hop',60,195,93,3),(3709,'dry hop',70,195,82,3),(3710,'dry hop',70,195,79,3),(3711,'start',2.5,196,91,1),(3712,'start',6,196,99,1),(3713,'middle',12.5,196,82,2),(3714,'middle',10,196,91,2),(3715,'end',12.5,196,91,2),(3716,'end',12.5,196,111,2),(3717,'end',12.5,196,81,2),(3718,'dry hop',50,196,82,3),(3719,'dry hop',50,196,91,3),(3720,'dry hop',50,196,81,3),(3721,'dry hop',50,196,111,3),(3722,'dry hop',12.5,196,84,3),(3723,'dry hop',12.5,196,79,3),(3724,'start',11.5,197,87,1),(3725,'middle',11.5,197,77,2),(3726,'middle',11.5,197,75,2),(3727,'end',11.5,197,76,2),(3728,'end',19.25,197,104,2),(3729,'start',2.5,198,93,1),(3730,'middle',3.5,198,93,2),(3731,'middle',6,198,82,2),(3732,'end',18.5,198,93,2),(3733,'end',18.5,198,82,2),(3734,'dry hop',100,198,93,3),(3735,'dry hop',100,198,82,3),(3736,'dry hop',100,198,77,3),(3737,'start',25,199,83,1),(3738,'end',15,199,83,2),(3739,'end',15,199,151,2),(3740,'start',5,200,87,1),(3741,'middle',25,200,76,2),(3742,'end',25,200,76,2),(3743,'end',25,200,103,2),(3744,'start',25,201,82,1),(3745,'middle',12.5,201,77,2),(3746,'middle',12.5,201,91,2),(3747,'end',25,201,79,2),(3748,'end',12.5,201,91,2),(3749,'end',25,201,77,2),(3750,'dry hop',87.5,201,79,3),(3751,'dry hop',100,201,77,3),(3752,'dry hop',87.5,201,82,3),(3753,'dry hop',112.5,201,91,3),(3754,'start',2.5,202,100,1),(3755,'middle',20,202,100,2),(3756,'end',37.5,202,100,2),(3757,'dry hop',125,202,100,3),(3758,'start',50,203,97,1),(3759,'start',25,203,77,1),(3760,'middle',25,203,75,2),(3761,'middle',12.5,203,104,2),(3762,'end',25,203,75,2),(3763,'end',12.5,203,104,2),(3764,'start',50,204,152,1),(3765,'end',35.5,204,80,2),(3766,'end',21.5,204,153,2),(3767,'end',7,204,84,2),(3768,'start',25,205,82,1),(3769,'end',21.25,205,77,2),(3770,'end',21.25,205,94,2),(3771,'start',25,206,78,1),(3772,'start',25,206,93,1),(3773,'end',62.5,206,97,2),(3774,'end',62.5,206,93,2),(3775,'end',62.5,206,77,2),(3776,'end',62.5,206,82,2),(3777,'dry hop',125,206,82,3),(3778,'dry hop',62.5,206,77,3),(3779,'dry hop',62.5,206,78,3),(3780,'dry hop',62.5,206,97,3),(3781,'start',25,207,129,1),(3782,'middle',12.5,207,129,2),(3783,'middle',25,207,98,2),(3784,'end',12.5,207,129,2),(3785,'end',25,207,98,2),(3786,'dry hop',5,208,154,3),(3787,'dry hop',25,208,155,3),(3788,'dry hop',10,208,156,3),(3789,'start',17.5,209,78,1),(3790,'start',17.5,209,91,1),(3791,'start',17.5,209,79,1),(3792,'middle',17.5,209,78,2),(3793,'middle',17.5,209,91,2),(3794,'middle',17.5,209,79,2),(3795,'end',17.5,209,78,3),(3796,'end',17.5,209,91,2),(3797,'end',17.5,209,79,3),(3798,'end',22.5,209,84,3),(3799,'start',7.5,210,95,1),(3800,'middle',12.5,210,81,2),(3801,'end',25,210,94,2),(3802,'end',25,210,82,2),(3803,'dry hop',62.5,210,82,3),(3804,'dry hop',62.5,210,94,3),(3805,'start',25,211,87,1),(3806,'start',31.3,212,93,1),(3807,'middle',12.5,212,93,2),(3808,'middle',12.5,212,79,2),(3809,'middle',12.5,212,97,2),(3810,'end',25,212,93,2),(3811,'end',25,212,79,2),(3812,'end',25,212,97,2),(3813,'dry hop',87.5,212,93,3),(3814,'dry hop',87.5,212,79,3),(3815,'dry hop',75,212,97,3),(3816,'start',12.5,213,97,1),(3817,'end',37.5,213,78,2),(3818,'end',25,213,97,2),(3819,'dry hop',37.5,213,111,3),(3820,'dry hop',62.5,213,78,3),(3821,'dry hop',62.5,213,97,3),(3822,'dry hop',62.5,213,111,3),(3823,'start',3.75,214,157,1),(3824,'middle',12.5,214,157,2),(3825,'end',37.5,214,157,2),(3826,'dry hop',125,214,157,3),(3827,'start',12.5,215,83,1),(3828,'start',12.5,215,77,1),(3829,'end',25,215,77,2),(3830,'end',25,215,97,2),(3831,'end',12.5,215,80,2),(3832,'start',12.5,216,129,1),(3833,'middle',12.5,216,81,2),(3834,'middle',12.5,216,99,2),(3835,'start',12.5,217,81,1),(3836,'start',12.5,217,81,1),(3837,'middle',12.5,217,103,2),(3838,'end',25,217,103,2),(3839,'end',25,217,94,2),(3840,'start',12.5,218,87,1),(3841,'middle',25,218,97,2),(3842,'middle',6.25,218,91,2),(3843,'end',37.5,218,97,2),(3844,'end',18.75,218,91,2),(3845,'fv',100,218,97,3),(3846,'fv',75,218,91,3),(3847,'start',25,219,82,1),(3848,'start',30,219,92,1),(3849,'middle',18.75,219,82,2),(3850,'middle',18.75,219,93,2),(3851,'end',50,219,82,2),(3852,'end',25,219,93,2),(3853,'dry hop',100,219,78,3),(3854,'dry hop',100,219,91,3),(3855,'dry hop',100,219,79,3),(3856,'start',36,220,87,1),(3857,'middle',11,220,91,2),(3858,'middle',1,220,78,2),(3859,'start',3.75,221,79,1),(3860,'middle',12.5,221,79,2),(3861,'end',37.5,221,79,2),(3862,'dry hop',187.5,221,79,3),(3863,'start',10,222,81,2),(3864,'start',25,223,97,1),(3865,'start',50,223,103,1),(3866,'end',1.25,223,146,2),(3867,'end',1250,223,89,2),(3868,'end',25,223,147,2),(3869,'start',4,224,87,1),(3870,'middle',20,224,158,2),(3871,'end',10,224,158,3),(3872,'start',10.2,225,87,1),(3873,'middle',60,225,104,2),(3874,'start',60,226,93,1),(3875,'middle',20,226,93,2),(3876,'end',20,226,83,2),(3877,'end',20,226,76,2),(3878,'start',25,227,82,1),(3879,'start',30,227,92,1),(3880,'middle',18.75,227,82,2),(3881,'middle',18.75,227,93,2),(3882,'end',50,227,82,2),(3883,'end',25,227,93,2),(3884,'dry hop',100,227,78,3),(3885,'dry hop',100,227,91,3),(3886,'dry hop',100,227,79,3),(3887,'start',20,228,87,1),(3888,'start',20,228,97,1),(3889,'start',10,229,158,1),(3890,'middle',10,229,158,2),(3891,'start',25,230,82,1),(3892,'start',30,230,92,1),(3893,'middle',18.75,230,82,2),(3894,'middle',18.75,230,93,2),(3895,'end',50,230,82,2),(3896,'end',25,230,93,2),(3897,'dry hop',100,230,78,3),(3898,'dry hop',100,230,91,3),(3899,'dry hop',100,230,79,3),(3900,'start',25,231,82,1),(3901,'start',30,231,92,1),(3902,'middle',18.75,231,82,2),(3903,'middle',18.75,231,93,2),(3904,'end',50,231,82,2),(3905,'end',25,231,93,2),(3906,'dry hop',100,231,78,3),(3907,'dry hop',100,231,91,3),(3908,'dry hop',100,231,79,3),(3909,'start',3.75,232,97,1),(3910,'middle',12.5,232,97,2),(3911,'end',37.5,232,97,2),(3912,'dry hop',187.5,232,97,3),(3913,'start',3.75,233,159,1),(3914,'middle',10,233,159,2),(3915,'end',37.5,233,159,2),(3916,'dry hop',187.5,233,159,3),(3917,'start',3.75,234,91,1),(3918,'middle',12.5,234,91,2),(3919,'end',37.5,234,91,2),(3920,'dry hop',187.5,234,91,3),(3921,'start',25,235,82,1),(3922,'middle',13,235,82,2),(3923,'middle',13,235,93,2),(3924,'end',38,235,111,2),(3925,'end',25,235,91,2),(3926,'end',6,235,160,2),(3927,'end',1,235,161,2),(3928,'90',5,236,82,1),(3929,'15',1,236,82,2),(3930,'15',1,236,93,2),(3931,'whirlpool',3,236,111,3),(3932,'whirlpool',2,236,91,3),(3933,'whirlpool',4,236,161,3),(3934,'secondary',500,236,162,2),(3935,'maturation',1,236,163,2),(3936,'60',20,237,82,1),(3937,'30',20,237,77,2),(3938,'whirlpool',40,237,78,3),(3939,'dry hop',25,237,77,3),(3940,'dry hop',25,237,78,3),(3941,'15',6,238,158,1),(3942,'15',12,238,164,3),(3943,'15',10,238,89,2),(3944,'Start',5,239,87,1),(3945,'Middle',25,239,158,2),(3946,'End',12.5,239,158,2),(3947,'Start',10,240,93,1),(3948,'End',25,240,79,2),(3949,'End',25,240,111,2),(3950,'End',25,240,91,2),(3951,'End',25,240,78,2),(3952,'Dry Hop',50,240,79,3),(3953,'Dry Hop',50,240,111,3),(3954,'Dry Hop',50,240,91,3),(3955,'Dry Hop',50,240,78,3),(3956,'15',7,241,81,1),(3957,'15',4,241,165,3),(3958,'15',2,241,166,2),(3959,'Whirlpool',15,241,78,3),(3960,'Start',8,242,93,1),(3961,'Start',8,242,82,1),(3962,'Middle',5,242,93,2),(3963,'Middle',5,242,82,2),(3964,'Middle',5,242,145,2),(3965,'Middle',6,242,81,2),(3966,'End',6,242,93,2),(3967,'End',6,242,82,2),(3968,'End',5,242,145,2),(3969,'End',6,242,81,2),(3970,'Dry Hop',30,242,91,3),(3971,'Dry Hop',60,242,145,3),(3972,'Dry Hop',30,242,81,3),(3973,'Mash',10,243,77,1),(3974,'Mash',10,243,84,1),(3975,'Start',30,243,77,1),(3976,'Start',15,243,84,1),(3977,'Middle',15,243,77,2),(3978,'Middle',15,243,84,2),(3979,'End',100,243,77,3),(3980,'End',100,243,84,3),(3981,'Start',6,244,81,1),(3982,'Start',400,244,167,3),(3983,'Start',20,244,165,3),(3984,'Start',155,244,116,3),(3985,'Start',40,245,95,1),(3986,'Middle',40,245,81,2),(3987,'Start',26.67,246,168,1),(3988,'Middle',13.33,246,82,2),(3989,'End',13.33,246,82,3),(3990,'End',13.33,246,79,3),(3991,'Dry Hop',1.33,246,79,3),(3992,'Dry Hop',0.67,246,168,3),(3993,'Start',10,247,159,1),(3994,'Middle',40,247,159,2),(3995,'End',150,247,159,3),(3996,'Dry Hop',150,247,159,3),(3997,'Start',30,248,95,1),(3998,'Additions',400,248,169,2),(3999,'End',40,249,77,3),(4000,'End',40,249,159,3),(4001,'Start',25,250,82,1),(4002,'Start',30,250,92,1),(4003,'Middle',18.75,250,82,2),(4004,'Middle',18.75,250,93,2),(4005,'End',50,250,82,2),(4006,'End',25,250,93,2),(4007,'Dry Hop',100,250,78,3),(4008,'Dry Hop',100,250,91,3),(4009,'Dry Hop',100,250,79,3),(4010,'60',40,251,82,1),(4011,'15',15,251,82,1),(4012,'15',15,251,93,2),(4013,'Whirlpool',50,251,82,3),(4014,'Whirlpool',25,251,93,3),(4015,'Dry Hop',10,251,93,3),(4016,'Dry Hop',10,251,91,3),(4017,'Start',22,252,103,1),(4018,'End',22,252,103,2),(4019,'Start',5,253,87,1),(4020,'Start',10,253,170,1),(4021,'End',10,253,170,2),(4022,'Start',10,254,81,1),(4023,'Start',10,254,76,1),(4024,'Middle',5,254,76,2),(4025,'Start',5,255,158,1),(4026,'Start',7,255,107,1),(4027,'End',20,255,117,2),(4028,'Start',20,256,117,1),(4029,'Middle',40,256,117,3),(4030,'End',10,256,146,1),(4031,'End',20,256,171,1),(4032,'End',20,256,172,2),(4033,'End',40,256,173,2),(4034,'Middle',1,257,97,3),(4035,'End',20,257,97,2),(4036,'End',30,257,78,2),(4037,'End',30,257,79,2),(4038,'Dry Hop',50,257,91,3),(4039,'Dry Hop',50,257,78,3),(4040,'Dry Hop',50,257,111,3),(4041,'Dry Hop',50,257,79,3),(4042,'Start',10,258,87,1),(4043,'Middle',600,258,90,3),(4044,'Dry Hop',20,258,104,2),(4045,'Dry Hop',20,258,174,2),(4046,'Dry Hop',4,258,175,2),(4047,'Start',60,259,93,1),(4048,'Middle',20,259,93,2),(4049,'End',20,259,83,2),(4050,'End',20,259,76,2),(4051,'Start',2,260,87,1),(4052,'Start',20,260,107,1),(4053,'Start',10,260,76,1),(4054,'End',7,260,107,2),(4055,'Whirlpool',20,260,176,2),(4056,'Whirlpool',33,261,111,3),(4057,'Dry Hop',83,261,91,3),(4058,'Dry Hop',83,261,111,3),(4059,'Start',37.5,262,87,1),(4060,'Middle',262.5,262,90,3),(4061,'End',25,262,177,2),(4062,'End',25,262,178,2),(4063,'End',25,262,104,2),(4064,'Middle',1,263,97,3),(4065,'End',20,263,97,2),(4066,'End',30,263,78,2),(4067,'End',30,263,79,2),(4068,'Dry Hop',50,263,91,3),(4069,'Dry Hop',50,263,78,3),(4070,'Dry Hop',50,263,111,3),(4071,'Dry Hop',50,263,79,3),(4072,'70',4,264,87,1),(4073,'15',20,264,117,2),(4074,'0',20,264,117,3),(4075,'Start',20,265,97,3),(4076,'Start',20,265,117,3),(4077,'Start',30,265,79,3),(4078,'Dry Hop',50,265,91,3),(4079,'Dry Hop',50,265,117,3),(4080,'Dry Hop',50,265,111,3),(4081,'Dry Hop',50,265,79,3),(4082,'Start',40,266,78,3),(4083,'0',40,266,79,3),(4084,'Flame Out',1,266,179,2),(4085,'Flame Out',1,266,180,2),(4086,'0',30,267,78,3),(4087,'0',30,267,103,3),(4088,'Flame Out',4,267,164,2),(4089,'Flame Out',2,267,181,2),(4090,'Flame Out',100,267,182,2),(4091,'First Wort Hops',40,268,93,1),(4092,'Flame Out',4,268,183,2),(4093,'Flame Out',4,268,184,2),(4094,'Flame Out',10,268,185,2),(4095,'Flame Out',10,268,115,2),(4096,'Flame Out',2,268,186,2),(4097,'Flame Out',2,268,187,2),(4098,'Flame Out',1,268,188,2),(4099,'10',1,269,97,2),(4100,'0',20,269,97,3),(4101,'0',20,269,78,3),(4102,'0',20,269,79,3),(4103,'Dry Hop',50,269,91,3),(4104,'Dry Hop',50,269,79,3),(4105,'Dry Hop',50,269,78,3),(4106,'Dry Hop',50,269,111,3),(4107,'60',10,270,87,1),(4108,'15',12,270,189,2),(4109,'15',12,270,77,2),(4110,'15',12,270,117,2),(4111,'Dry Hop',10,270,189,3),(4112,'Dry Hop',10,270,117,2),(4113,'60',7,271,87,1),(4114,'0',33,271,117,3),(4115,'0',33,271,190,3),(4116,'0',33,271,191,3),(4117,'Dry Hop',33,271,192,2),(4118,'Dry Hop',33,271,193,2),(4119,'Dry Hop',3,271,175,2),(4120,'0',50,272,78,3),(4121,'0',50,272,91,3),(4122,'0',50,272,111,3),(4123,'Flame out',500,272,194,2),(4124,'Flame out',3000,272,195,2),(4125,'Dry Hop',30,272,78,3),(4126,'Dry Hop',30,272,91,3),(4127,'Dry Hop',30,272,111,3),(4128,'60',10,273,87,1),(4129,'0',20,273,117,3),(4130,'Flame Out',200,273,196,2),(4131,'70',40,274,79,1),(4132,'10',20,274,79,2),(4133,'0',20,274,111,3),(4134,'0',20,274,91,3),(4135,'0',20,274,79,3),(4136,'0',20,274,78,3),(4137,'Dry Hop',66,274,91,3),(4138,'Dry Hop',66,274,111,3),(4139,'Dry Hop',66,274,79,3),(4140,'90',24,275,79,1),(4141,'30',20,275,97,2),(4142,'0',20,275,82,3),(4143,'0',20,275,79,3),(4144,'Dry Hop',150,275,91,3),(4145,'Dry Hop',50,275,97,3),(4146,'60',10,276,87,1),(4147,'0',10,276,111,3),(4148,'0',10,276,78,3),(4149,'Flame Out',20,276,164,2),(4150,'Flame Out',1,276,181,2),(4151,'70',8,277,87,1),(4152,'10',2,277,77,2),(4153,'10',2,277,117,2),(4154,'10',2,277,189,2),(4155,'0',10,277,77,3),(4156,'0',10,277,117,3),(4157,'0',10,277,189,3),(4158,'70',70,278,158,1),(4159,'15',20,278,107,2),(4160,'70',60,279,81,1),(4161,'15',20,279,81,2),(4162,'Flame Out',400,279,89,2),(4163,'Wood Ageing',50,279,197,2),(4164,'70',10,280,87,1),(4165,'10',10,280,78,2),(4166,'0',10,280,117,3),(4167,'0',20,280,78,3),(4168,'0',10,280,198,3),(4169,'Dry Hop',50,280,117,3),(4170,'Dry Hop',100,280,78,3),(4171,'Dry Hop',50,280,198,3),(4172,'70',6,281,78,1),(4173,'15',4,281,78,2),(4174,'15',6,281,117,2),(4175,'0',10,281,78,3),(4176,'0',10,281,117,3),(4177,'Flame Out',100,281,199,2),(4178,'70',40,282,87,1),(4179,'15',20,282,95,2),(4180,'Wood Ageing',100,282,200,2),(4181,'60',10,283,87,1),(4182,'0',10,283,111,3),(4183,'0',10,283,78,3),(4184,'Flame Out',10,283,164,2),(4185,'Flame Out',0.5,283,161,2),(4186,'Dry Hop',6,283,201,2),(4187,'Dry Hop',50,283,202,2),(4188,'70',40,284,87,1),(4189,'0',12,284,95,3),(4190,'0',10,284,82,3),(4191,'Kettle',900,284,203,2),(4192,'Flame Out',20,284,191,2),(4193,'FV Addition',160,284,204,2),(4194,'90',24,285,79,1),(4195,'30',20,285,97,2),(4196,'0',30,285,79,3),(4197,'Dry Hop',40,285,91,3),(4198,'Dry Hop',40,285,97,3),(4199,'Dry Hop',20,285,82,3),(4200,'Dry Hop',40,285,79,3),(4201,'90',24,286,79,1),(4202,'30',20,286,97,2),(4203,'0',30,286,79,3),(4204,'Flame Out',800,286,205,2),(4205,'Dry Hop',40,286,91,3),(4206,'Dry Hop',40,286,97,3),(4207,'Dry Hop',40,286,79,3),(4208,'Dry Hop',20,286,82,3),(4209,'90',24,287,79,1),(4210,'30',20,287,97,2),(4211,'0',30,287,79,3),(4212,'Flame Out',2000,287,206,2),(4213,'Dry Hop',40,287,91,3),(4214,'Dry Hop',40,287,97,3),(4215,'Dry Hop',40,287,79,3),(4216,'Dry Hop',20,287,82,3),(4217,'90',24,288,79,1),(4218,'30',20,288,97,2),(4219,'0',30,288,79,3),(4220,'Flame Out',1500,288,207,2),(4221,'Dry Hop',40,288,91,3),(4222,'Dry Hop',40,288,97,3),(4223,'Dry Hop',40,288,79,3),(4224,'Dry Hop',20,288,82,3),(4225,'90',24,289,79,1),(4226,'30',20,289,97,2),(4227,'0',30,289,79,3),(4228,'Flame Out',500,289,208,2),(4229,'Dry Hop',40,289,91,3),(4230,'Dry Hop',40,289,97,3),(4231,'Dry Hop',40,289,79,3),(4232,'Dry Hop',20,289,82,3),(4233,'90',24,290,79,1),(4234,'30',20,290,97,2),(4235,'0',30,290,79,3),(4236,'Flame Out',200,290,209,2),(4237,'Dry Hop',40,290,91,3),(4238,'Dry Hop',40,290,97,3),(4239,'Dry Hop',40,290,79,3),(4240,'Dry Hop',20,290,82,3),(4241,'90',24,291,79,1),(4242,'30',20,291,97,2),(4243,'0',30,291,79,3),(4244,'Flame Out',500,291,210,2),(4245,'Dry Hop',40,291,91,3),(4246,'Dry Hop',40,291,97,3),(4247,'Dry Hop',40,291,79,3),(4248,'Dry Hop',20,291,82,3),(4249,'90',24,292,79,1),(4250,'30',20,292,97,2),(4251,'0',30,292,79,3),(4252,'Flame Out',200,292,211,2),(4253,'Dry Hop',40,292,91,3),(4254,'Dry Hop',40,292,97,3),(4255,'Dry Hop',40,292,79,3),(4256,'Dry Hop',20,292,82,3),(4257,'90',24,293,79,1),(4258,'30',20,293,97,2),(4259,'0',30,293,79,3),(4260,'Dry Hop',40,293,91,3),(4261,'Dry Hop',40,293,97,3),(4262,'Dry Hop',40,293,79,3),(4263,'Dry Hop',20,293,82,3),(4264,'Mash',1000,293,212,2),(4265,'70',40,294,87,1),(4266,'Wood Ageing',50,294,183,2),(4267,'Wood Ageing',50,294,213,2),(4268,'70',2,295,91,1),(4269,'0',30,295,91,3),(4270,'Dry Hop',200,295,91,3),(4271,'70',12,296,95,1),(4272,'Flame Out',1,296,214,2),(4273,'Flame Out',15.4,296,192,2),(4274,'Dry Hop',108,296,177,2),(4275,'Dry Hop',31,296,191,2),(4276,'Dry Hop',1,296,215,2),(4277,'70',2,297,87,1),(4278,'10',10,297,79,2),(4279,'10',10,297,78,2),(4280,'0',10,297,79,3),(4281,'0',10,297,78,3),(4282,'0',20,297,91,3),(4283,'10',20,297,111,3),(4284,'Dry Hop',40,297,79,3),(4285,'Dry Hop',40,297,78,3),(4286,'Dry Hop',40,297,91,3),(4287,'0',10,298,111,3),(4288,'0',10,298,91,3),(4289,'Flame Out',150,298,216,3),(4290,'Flame Out',150,298,217,3),(4291,'Kettle',400,298,194,2),(4292,'60',40,299,84,1),(4293,'60',40,299,93,1),(4294,'10',20,299,103,2),(4295,'10',20,299,82,2),(4296,'10',20,299,84,2),(4297,'Flame Out',20,299,103,3),(4298,'Flame Out',20,299,82,3),(4299,'Flame Out',20,299,84,3),(4300,'45',2,300,87,1),(4301,'Kettle',800,300,195,2),(4302,'65',11,301,79,1),(4303,'10',3,301,77,2),(4304,'0',5,301,79,3),(4305,'0',28,301,111,3),(4306,'70',12,302,87,1),(4307,'30',15,302,218,2),(4308,'10',15,302,218,2),(4309,'0',30,302,219,3),(4310,'Dry Hop',30,302,219,3),(4311,'10',1,303,97,2),(4312,'0',20,303,97,3),(4313,'0',20,303,78,3),(4314,'0',20,303,79,3),(4315,'Dry Hop',50,303,91,3),(4316,'Dry Hop',50,303,79,3),(4317,'Dry Hop',50,303,78,3),(4318,'Dry Hop',50,303,111,3),(4319,'Dry Hop',50,303,220,6),(4320,'10',1,304,97,2),(4321,'0',20,304,97,3),(4322,'0',20,304,78,3),(4323,'0',20,304,79,3),(4324,'Dry Hop',50,304,91,3),(4325,'Dry Hop',50,304,79,3),(4326,'Dry Hop',50,304,78,3),(4327,'Dry Hop',50,304,111,3),(4328,'Dry Hop',50,304,221,6),(4329,'70',18,305,87,1),(4330,'0',20,305,82,3),(4331,'0',20,305,79,3),(4332,'0',20,305,91,3),(4333,'Dry Hop',50,305,82,3),(4334,'Dry Hop',50,305,79,3),(4335,'Dry Hop',50,305,91,3),(4336,'90',16,306,79,1),(4337,'90',12,306,93,1),(4338,'30',20,306,97,2),(4339,'0',20,306,82,3),(4340,'0',20,306,79,3),(4341,'Dry Hop',60,306,91,3),(4342,'Dry Hop',60,306,111,3),(4343,'Dry Hop',40,306,82,3),(4344,'Dry Hop',40,306,79,3),(4345,'70',12,307,87,1),(4346,'70',40,307,75,1),(4347,'60',8,308,87,1),(4348,'10',8,308,103,2),(4349,'0',20,308,103,3),(4350,'Flame Out',50,308,222,2),(4351,'Dry Hop',25,308,222,2),(4352,'70',15,309,97,1),(4353,'Dry Hop',115,309,192,2),(4354,'Dry Hop',8,309,223,2),(4355,'Dry Hop',1,309,214,2),(4356,'Start',60,310,93,1),(4357,'Middle',20,310,93,2),(4358,'End',20,310,83,2),(4359,'End',20,310,76,2),(4360,'70',6,311,79,1),(4361,'70',2,311,91,1),(4362,'10',2,311,79,2),(4363,'10',2,311,91,2),(4364,'10',5,311,101,2),(4365,'10',5,311,97,2),(4366,'0',3,311,97,3),(4367,'0',18,311,79,3),(4368,'0',5,311,91,3),(4369,'0',8,311,111,3),(4370,'Flame Out',7.5,311,224,2),(4371,'Dry Hop',40,311,79,3),(4372,'Dry Hop',25,311,91,3),(4373,'Dry Hop',25,311,111,3),(4374,'Dry Hop',19,311,97,3),(4375,'Dry Hop',15,311,101,3),(4376,'Dry Hop',15,311,77,3),(4377,'Dry Hop',4,311,78,3),(4378,'90',40,312,93,1),(4379,'30',20,312,77,2),(4380,'0',30,312,82,3),(4381,'Dry Hop',40,312,225,3),(4382,'Dry Hop',40,312,189,3),(4383,'Dry Hop',40,312,226,3),(4384,'Dry Hop',60,312,227,3),(4385,'Start',25,313,97,1),(4386,'Start',50,313,103,1),(4387,'End',1.25,313,146,2),(4388,'End',25,313,147,2),(4389,'End',1250,313,89,2),(4390,'Dry Hop',5,313,228,2),(4391,'Dry Hop',3,313,229,2),(4392,'70',30,314,77,1),(4393,'10',30,314,77,2),(4394,'Kettle',750,314,230,2),(4395,'Kettle',40,314,231,2),(4396,'Dry Hop',10,314,191,2),(4397,'Dry Hop',10,314,192,2),(4398,'65',2,315,87,1),(4399,'10',20,315,91,2),(4400,'0',40,315,78,3),(4401,'0',40,315,84,3),(4402,'0',40,315,91,3),(4403,'Dry Hop',60,315,232,3),(4404,'Dry Hop',80,315,84,3),(4405,'Dry Hop',60,315,91,3),(4406,'Dry Hop',1000,315,233,3),(4407,'70',12,316,87,1),(4408,'15',8,316,78,2),(4409,'15',6,316,219,2),(4410,'Flame Out',400,316,234,2),(4411,'70',4,317,87,1),(4412,'10',10,317,107,2),(4413,'0',20,317,107,3),(4414,'0',20,317,107,3),(4415,'0',40,317,117,3),(4416,'0',20,317,80,3),(4417,'Dry Hop',20,317,107,3),(4418,'Dry Hop',30,317,117,3),(4419,'Dry Hop',20,317,80,3),(4420,'70',6,318,87,1),(4421,'10',20,318,117,2),(4422,'10',20,318,198,2),(4423,'Wood Ageing',40,318,235,2),(4424,'70',2,319,87,1),(4425,'10',10,319,91,2),(4426,'10',10,319,82,2),(4427,'0',15,319,91,3),(4428,'0',15,319,82,3),(4429,'Dry Hop',10,319,91,3),(4430,'Dry Hop',10,319,82,3),(4431,'Dry Hop',10,319,84,3),(4432,'70',6,320,87,1),(4433,'15',10,320,236,2),(4434,'15',10,320,75,2),(4435,'0',24,320,236,3),(4436,'0',24,320,75,3),(4437,'70',2,321,91,1),(4438,'0',30,321,91,3),(4439,'Dry Hop',160,321,91,3),(4440,'65',6,322,79,7),(4441,'10',10,322,97,2),(4442,'0',20,322,79,3),(4443,'0',20,322,97,3),(4444,'Dry Hop',60,322,79,3),(4445,'Dry Hop',60,322,82,3),(4446,'65',32,323,79,7),(4447,'10',20,323,77,2),(4448,'0',30,323,77,3),(4449,'0',30,323,82,3),(4450,'Dry Hop',60,323,91,3),(4451,'Dry Hop',40,323,79,3),(4452,'Dry Hop',20,323,77,3),(4453,'Dry Hop',20,323,97,3),(4454,'Dry Hop',20,323,111,3),(4455,'65',5,324,158,7),(4456,'10',20,324,107,3),(4457,'0',20,324,117,3),(4458,'70',10,325,87,7),(4459,'10',20,325,170,2),(4460,'0',20,325,170,3),(4461,'70',12,326,87,7),(4462,'30',15,326,218,2),(4463,'10',15,326,218,2),(4464,'0',30,326,219,3),(4465,'Dry Hop',30,326,219,3);
/*!40000 ALTER TABLE `hop_pairings` ENABLE KEYS */;
UNLOCK TABLES;

--
-- Table structure for table `hops`
--

DROP TABLE IF EXISTS `hops`;
/*!40101 SET @saved_cs_client     = @@character_set_client */;
/*!40101 SET character_set_client = utf8 */;
CREATE TABLE `hops` (
  `id` int(11) NOT NULL AUTO_INCREMENT,
  `name` varchar(70) COLLATE utf16_unicode_ci NOT NULL,
  PRIMARY KEY (`id`),
  UNIQUE KEY `unq_hops` (`name`)
) ENGINE=InnoDB AUTO_INCREMENT=237 DEFAULT CHARSET=utf16 COLLATE=utf16_unicode_ci;
/*!40101 SET character_set_client = @saved_cs_client */;

--
-- Dumping data for table `hops`
--

LOCK TABLES `hops` WRITE;
/*!40000 ALTER TABLE `hops` DISABLE KEYS */;
INSERT INTO `hops` VALUES (163,'1 lemon drop chilli'),(101,'Ahtanum'),(78,'Amarillo'),(200,'American Oak Chips Heavy Toast Soaked in Bourbon'),(213,'American Oak Chips Heavy Toast soaked in Speyside Whisky'),(197,'American Oak Chips Medium Toast Soaked in Bourbon'),(183,'American Oak Chips Medium Toast Soaked In Speyside Whisky'),(220,'American Oak Wood- chip medium toast, Ageing soaked in Bourbon'),(221,'American Oak Wood- chip medium toast, Ageing soaked in Rye Whisky'),(168,'Apollo'),(179,'Apricot Juice'),(189,'Ariana'),(154,'Bay Leaves'),(172,'Bitter Orange Peel'),(184,'Black Pepper'),(109,'Blackberry Concentrate'),(207,'Blackcurrant Concentrate'),(150,'Blueberries'),(205,'Blueberry Juice'),(114,'Bobek'),(81,'Bramling Cross'),(132,'Bramling Cross/ First Gold'),(129,'Bravo'),(137,'C02 Extract'),(178,'Cacao Nibs'),(174,'Cacoa Nibs'),(190,'Callista'),(185,'Cardamon'),(77,'Cascade'),(139,'Cascara'),(82,'Centennial'),(99,'Challenger'),(97,'Chinook'),(187,'Cinnamon'),(214,'Cinnamon Powder'),(91,'Citra'),(199,'Cloudberries'),(112,'CO2 Extract'),(192,'Cocoa Nibs'),(201,'Coconut Extract'),(104,'Coffee'),(118,'Coffee Beans'),(204,'Cold Brew Coffee'),(147,'Cold Infused Coffee'),(93,'Columbus'),(92,'Columbus Extract'),(122,'Comet'),(165,'Coriander'),(161,'Coriander seed'),(181,'Coriander Seeds'),(102,'Crystal'),(106,'Dana'),(169,'Dark Muscavado'),(230,'Demerara Sugar'),(236,'East Kent Golding'),(148,'East Kent Goldings'),(157,'El Dorado'),(156,'Elderflower'),(210,'Elderflower Concentrate'),(140,'Ella'),(145,'Enigma'),(159,'Equinox'),(130,'EXP 366'),(76,'First Gold'),(235,'French Oak Chips Medium Toast'),(206,'Fresh Strawberries'),(75,'Fuggles'),(136,'Galaxy'),(95,'Galena'),(225,'German Cascade'),(227,'German Comet'),(115,'Ginger'),(146,'Ginger Powder'),(196,'Golden Honey'),(113,'Goldings'),(152,'Green Bullet'),(191,'Ground Coffee'),(123,'Guarana Powder'),(228,'Habanero'),(160,'Habanero powder'),(215,'Habenero Powder'),(198,'Hallertauer Blanc'),(107,'Hallertauer Mittelfrüh'),(133,'HBC 366'),(105,'HBC 369'),(126,'Heather Honey'),(142,'Hercules'),(88,'Hersbrucker'),(89,'Honey'),(96,'Hop Extract'),(226,'Huell Melon'),(232,'Idaho 7'),(149,'Jasmine'),(141,'Jester'),(135,'Juniper Berries'),(167,'Juniper Berry'),(108,'Kohatu'),(124,'Kola Nut Powder'),(90,'Lactose'),(182,'Lemon Concentrate'),(229,'Lemon drop chili'),(211,'Lemon Juice'),(164,'Lemon Peel'),(128,'Liberty'),(208,'Lingonberry Juice'),(87,'Magnum'),(212,'Mandarin Segements'),(117,'Mandarina Bavaria'),(162,'Mango'),(217,'Mango Concentrate'),(233,'Mango Puree'),(222,'Maple Syrup'),(231,'Marshmallows'),(194,'Milk Sugars'),(111,'Mosaic'),(80,'Motueka'),(98,'Mt.Hood'),(203,'Muscovado Sugar'),(84,'Nelson Sauvin'),(127,'Nugget'),(186,'Nutmeg'),(134,'NZ Nelson Sauvin'),(193,'Oak Chips'),(173,'Oat Husks'),(116,'Orange Peel'),(153,'Pacific Gem'),(143,'Pacific Hallertau'),(120,'Pacific Jade'),(119,'Pacifica'),(216,'Peach Concentrate'),(180,'Peach Juice'),(166,'Peppercorn'),(85,'Peppercorns'),(158,'Perle'),(202,'Pineapple Juice'),(171,'Pink Peppercorns'),(138,'Pioneer'),(234,'Plum Concentrate'),(125,'Poppy Seed'),(195,'Raspberry Juice'),(155,'Rosemary'),(83,'Saaz'),(219,'Saphire'),(209,'Seville Orange Juice'),(79,'Simcoe'),(223,'Sodium Chloride'),(103,'Sorachi Ace'),(110,'Sour Cherry Puree'),(218,'Spalter'),(188,'Star Anis'),(170,'Sterling'),(131,'Strisselspalt'),(151,'Styrian Goldings'),(176,'Sweet Orange Peel'),(224,'Tangerine Extract'),(144,'Tettnang'),(86,'Tomahawk'),(175,'Vanilla'),(177,'Vanilla Extract'),(121,'Vic Secret'),(100,'Waimea'),(94,'Willamette');
/*!40000 ALTER TABLE `hops` ENABLE KEYS */;
UNLOCK TABLES;

--
-- Table structure for table `malt_pairings`
--

DROP TABLE IF EXISTS `malt_pairings`;
/*!40101 SET @saved_cs_client     = @@character_set_client */;
/*!40101 SET character_set_client = utf8 */;
CREATE TABLE `malt_pairings` (
  `id_beer` int(11) NOT NULL,
  `id_malt` int(11) NOT NULL,
  `amount` float NOT NULL,
  PRIMARY KEY (`id_beer`,`id_malt`),
  KEY `malt_pairings_id_beer_index` (`id_beer`),
  KEY `malt_pairings_id_malt_index` (`id_malt`),
  CONSTRAINT `malt_pairings_beer_fk` FOREIGN KEY (`id_beer`) REFERENCES `beers` (`id`) ON DELETE NO ACTION ON UPDATE NO ACTION,
  CONSTRAINT `malt_pairings_malts_fk` FOREIGN KEY (`id_malt`) REFERENCES `malts` (`id`) ON DELETE NO ACTION ON UPDATE NO ACTION
) ENGINE=InnoDB DEFAULT CHARSET=utf16 COLLATE=utf16_unicode_ci;
/*!40101 SET character_set_client = @saved_cs_client */;

--
-- Dumping data for table `malt_pairings`
--

LOCK TABLES `malt_pairings` WRITE;
/*!40000 ALTER TABLE `malt_pairings` DISABLE KEYS */;
INSERT INTO `malt_pairings` VALUES (1,1,3.3),(1,2,0.2),(1,3,0.4),(2,1,3.25),(2,2,0.2),(2,3,0.4),(3,4,1.63),(3,5,1.63),(3,6,0.03),(3,7,0.03),(4,2,0.25),(4,3,0.25),(4,8,4.58),(4,9,0.06),(5,10,6.63),(5,11,0.38),(6,3,0.13),(6,8,3.63),(6,11,0.25),(7,8,9.69),(7,12,0.19),(7,13,0.44),(8,2,0.28),(8,3,0.42),(8,8,3.33),(8,14,0.07),(9,2,1.25),(9,3,5.63),(9,9,0.63),(9,11,1.88),(9,12,0.31),(9,15,1.88),(9,16,0.63),(9,17,0.13),(9,18,0.13),(9,19,0.13),(10,2,0.25),(10,8,6.38),(10,20,0.13),(11,2,0.3),(11,3,0.6),(11,9,0.3),(11,12,0.05),(11,15,0.6),(11,18,0.1),(11,19,0.6),(11,20,0.2),(11,21,2.18),(11,22,1.8),(12,2,0.25),(12,20,0.18),(12,21,3.13),(12,23,0.25),(13,1,3.44),(13,2,0.63),(13,13,0.31),(13,20,0.31),(13,23,0.31),(14,1,2.5),(14,2,1.25),(14,3,0.61),(14,20,0.28),(14,24,0.2),(15,2,0.94),(15,16,0.44),(15,25,11.1),(16,2,1.25),(16,11,0.31),(16,12,0.63),(16,15,0.31),(16,20,0.63),(16,26,5),(16,27,0.63),(16,28,0.06),(17,2,0.38),(17,13,0.13),(17,20,0.25),(17,21,6.13),(17,23,0.13),(18,2,0.25),(18,8,5.06),(18,9,0.06),(19,2,0.8),(19,8,6.12),(20,8,5.63),(20,11,0.69),(20,16,0.63),(21,2,0.38),(21,8,2.69),(21,11,1.25),(22,2,1.88),(22,3,1.25),(22,8,10),(22,18,0.63),(23,8,5.8),(24,8,12.5),(25,8,2.06),(25,11,2.5),(26,2,0.63),(26,8,2.81),(26,29,0.31),(27,8,8),(27,9,0.88),(27,11,0.5),(27,13,0.63),(27,15,1.38),(27,23,0.63),(27,30,0.7),(28,2,0.37),(28,20,0.19),(28,26,5.87),(29,2,1.25),(29,8,4.75),(29,9,0.13),(29,20,0.5),(30,2,0.31),(30,3,0.31),(30,8,5),(30,9,0.06),(31,2,0.19),(31,3,0.13),(31,9,0.13),(31,11,0.06),(31,12,0.06),(31,18,0.03),(31,20,0.06),(31,31,0.13),(32,8,10),(32,9,0.63),(32,13,0.94),(32,15,1.88),(32,23,0.94),(32,32,1.25),(33,2,0.25),(33,8,6.38),(33,20,0.13),(34,3,0.44),(34,8,1.75),(34,9,0.5),(34,11,0.56),(34,13,0.13),(34,15,0.56),(34,18,0.25),(34,33,0.06),(35,4,1.63),(35,5,1.63),(35,6,0.03),(35,7,0.03),(36,3,0.63),(36,8,9.35),(36,12,0.06),(36,20,1),(37,2,0.38),(37,8,6.3),(37,20,0.29),(38,2,0.25),(38,3,0.25),(38,8,4.58),(38,9,0.06),(39,2,0.31),(39,8,5.65),(39,9,0.06),(40,2,0.63),(40,8,5.77),(40,11,0.63),(41,9,0.88),(41,12,0.5),(41,18,0.38),(41,21,9),(41,23,0.25),(41,27,0.25),(41,31,0.63),(42,2,0.38),(42,8,7.4),(42,20,0.29),(43,8,2.13),(43,11,2.5),(43,32,0.13),(44,3,0.38),(44,8,4.7),(44,14,0.63),(45,2,0.31),(45,8,4.06),(45,9,0.94),(45,29,0.23),(46,8,12.5),(47,1,6.5625),(47,2,0.3125),(47,3,1.25),(47,20,0.3125),(47,34,0.00625),(48,2,0.31),(48,3,0.31),(48,8,5),(48,9,0.06),(49,2,1.13),(49,3,2),(49,8,2),(49,11,5),(50,2,0.35),(50,8,4.69),(50,9,0.35),(50,12,0.7),(50,15,0.47),(50,35,0.23),(51,21,5.3),(52,2,0.55),(52,3,0.33),(52,8,4.5),(52,9,0.55),(52,13,0.33),(52,15,1.35),(52,23,0.18),(53,3,0.48),(53,8,1.75),(53,9,0.5),(53,11,0.56),(53,13,0.13),(53,15,0.56),(53,18,0.25),(53,33,0.06),(54,9,0.13),(54,20,0.38),(54,21,5),(54,23,0.06),(54,31,0.5),(55,2,0.31),(55,8,4.88),(55,9,0.06),(56,2,1.25),(56,9,0.63),(56,11,1.25),(56,12,0.63),(56,16,1.56),(56,18,0.63),(56,19,0.63),(56,26,6.25),(56,27,0.31),(57,2,0.56),(57,20,0.28),(57,21,8.13),(58,8,7.5),(58,9,0.63),(58,12,0.31),(58,27,0.31),(59,8,6.39),(60,2,0.5),(60,3,0.75),(60,9,0.5),(60,11,1),(60,12,0.25),(60,15,1),(60,16,0.38),(60,18,0.25),(60,19,0.25),(60,21,3.5),(60,28,0.06),(61,8,2.38),(61,11,0.44),(61,15,0.44),(61,18,0.19),(61,31,0.19),(61,36,0.44),(62,1,9.25),(62,11,1.88),(62,15,1.88),(62,37,0.13),(63,8,5.21),(64,3,0.25),(64,8,6.25),(64,38,0.38),(65,8,3.63),(65,9,0.19),(65,27,0.31),(65,39,0.13),(66,8,7.6),(66,9,1.75),(66,12,0.5),(66,27,0.5),(67,1,4.3),(67,3,0.8),(68,1,4.02),(69,3,0.5),(69,8,7.75),(69,11,0.5),(69,12,0.13),(69,20,0.38),(70,12,1.25),(70,13,0.94),(70,15,1.56),(70,16,0.94),(70,25,10),(71,2,0.25),(71,8,3.63),(71,9,0.13),(72,5,1.25),(72,8,6.88),(72,14,1.88),(72,31,0.25),(72,40,0.05),(73,2,1.25),(73,8,6.25),(73,9,0.625),(73,11,1.25),(73,12,0.625),(73,16,1.5625),(73,18,0.625),(73,19,0.625),(73,27,0.3125),(74,2,0.25),(74,3,0.38),(74,8,3.25),(75,2,0.31),(75,11,0.63),(75,26,4.38),(76,2,0.44),(76,8,5),(76,9,0.5),(76,12,0.19),(76,18,0.25),(77,2,0.63),(77,8,2.06),(77,11,0.5),(77,20,0.25),(77,31,0.19),(78,2,0.93),(78,9,0.44),(78,12,0.11),(78,15,0.94),(78,19,0.38),(78,23,0.11),(78,26,8.75),(79,1,4.82),(79,2,2.5),(79,20,0.96),(80,5,0.94),(80,12,0.94),(80,15,1.88),(80,21,10),(80,41,1.25),(80,42,0.94),(81,43,3.25),(81,44,0.38),(82,3,0.5),(82,8,4),(82,15,0.75),(82,19,0.38),(82,20,0.25),(82,23,0.06),(83,2,0.31),(83,8,5.65),(83,9,0.06),(84,3,0.13),(84,18,0.05),(84,43,5.4),(85,3,0.44),(85,8,1.75),(85,9,0.5),(85,11,0.56),(85,13,0.13),(85,15,0.56),(85,18,0.25),(85,33,0.63),(86,3,0.5),(86,8,4.5),(86,9,0.08),(86,18,0.05),(87,2,0.16),(87,8,3.69),(87,9,0.06),(87,31,0.31),(88,2,0.25),(88,3,0.25),(88,8,4.58),(88,9,0.06),(89,2,0.25),(89,8,6.38),(89,20,0.13),(90,2,0.96),(90,3,0.77),(90,13,0.19),(90,21,6.35),(90,23,0.38),(90,40,0.29),(91,2,0.63),(91,8,2.79),(91,20,0.19),(92,1,10),(92,15,1.88),(92,20,0.94),(92,23,1.88),(92,24,0.94),(93,5,1.88),(93,8,5.25),(93,9,0.13),(94,2,0.38),(94,8,6.13),(94,11,0.25),(94,31,0.25),(95,45,3.85),(96,8,10.63),(96,13,1.25),(96,15,2.19),(96,16,1.25),(96,28,0.63),(97,2,0.13),(97,3,0.11),(97,8,4.5),(97,16,0.07),(97,19,0.25),(97,31,0.5),(97,46,0.04),(97,47,0.1),(98,3,0.63),(98,8,3.88),(98,9,0.13),(98,18,0.38),(99,2,0.88),(99,8,6.13),(100,2,0.88),(100,8,4.5),(101,1,5.36),(101,2,0.54),(101,11,0.36),(101,12,0.25),(101,13,0.18),(101,15,0.54),(101,24,0.71),(102,8,14.5),(103,2,0.5),(103,3,0.88),(103,8,9.5),(103,19,0.25),(103,20,0.13),(104,8,3),(104,9,0.08),(104,11,2),(105,1,6.86),(105,2,0.93),(106,2,0.25),(106,8,4.38),(107,2,0.31),(107,8,5.65),(107,9,0.06),(108,2,0.25),(108,3,0.25),(108,8,4.58),(108,9,0.06),(109,8,6.88),(109,9,0.13),(109,11,1),(109,27,1.5),(109,39,1.25),(109,48,0.5),(110,8,5),(110,9,0.31),(110,27,0.31),(110,40,0.63),(111,3,0.44),(111,8,3.5),(111,14,0.63),(111,20,0.13),(112,8,2.5),(112,36,0.69),(113,1,6.86),(113,2,0.93),(114,3,1.92),(114,8,6.35),(114,12,0.48),(114,20,0.48),(114,23,0.48),(114,49,0.48),(115,2,0.63),(115,8,4.38),(116,8,5.63),(116,50,0.13),(117,1,3.78),(117,2,0.31),(117,3,0.31),(118,12,0.38),(118,13,0.19),(118,15,0.25),(118,18,0.25),(118,21,2.13),(118,27,0.13),(119,51,1.13),(119,52,0.28),(119,53,2.7),(119,54,0.23),(120,2,0.94),(120,9,0.44),(120,12,0.11),(120,15,0.94),(120,19,0.37),(120,23,0.11),(120,26,8.75),(121,8,5.3),(122,2,0.25),(122,26,6.79),(122,31,1.25),(123,3,0.44),(123,21,3.94),(123,23,0.13),(124,2,0.63),(124,20,0.25),(124,21,5),(125,11,2.13),(125,21,2.75),(126,9,0.19),(126,11,0.25),(126,15,0.38),(126,19,0.38),(126,20,0.25),(126,21,2.75),(126,23,0.19),(126,39,0.19),(126,55,0.38),(127,2,0.37),(127,20,0.19),(127,26,5.87),(128,3,0.94),(128,11,2.81),(128,15,0.31),(128,26,2.81),(129,9,0.5),(129,11,0.5),(129,12,1),(129,15,1),(129,21,6.88),(129,23,0.75),(130,3,0.63),(130,5,0.63),(130,8,3.75),(130,9,0.63),(130,14,0.63),(130,31,1.25),(130,40,0.63),(131,2,0.37),(131,20,0.19),(131,26,5.87),(132,2,0.88),(132,3,0.63),(132,8,2.56),(132,9,0.13),(132,20,0.38),(133,2,0.7),(133,3,0.64),(133,8,2.7),(133,12,0.06),(134,1,6),(134,12,0.5),(134,15,0.5),(134,16,0.5),(134,39,0.25),(134,56,0.25),(135,2,0.25),(135,20,0.13),(135,21,4),(136,2,0.38),(136,8,7.5),(136,12,0.1),(136,20,0.58),(137,2,0.38),(137,8,7.4),(137,20,0.29),(138,8,8),(138,9,0.88),(138,11,0.5),(138,13,0.63),(138,15,1.38),(138,23,0.63),(138,30,0.7),(139,1,1),(139,21,5.5),(140,8,5.88),(141,8,7.02),(141,20,0.19),(141,23,0.29),(141,31,0.96),(141,57,0.04),(142,5,1.25),(142,8,2.5),(142,31,0.63),(143,8,4.25),(143,58,0.63),(144,8,11.25),(144,9,1.75),(144,12,0.5),(144,27,0.5),(145,3,1.25),(145,8,4.38),(145,9,0.16),(145,20,0.16),(145,31,0.63),(146,2,0.25),(146,8,6.38),(146,20,0.13),(147,2,0.5),(147,8,3.69),(148,1,11.25),(148,2,0.31),(148,9,0.44),(148,20,0.63),(149,8,8),(150,8,10),(150,15,1.88),(150,59,1.88),(151,5,0.42),(151,8,3.75),(152,21,4.38),(153,5,1.25),(153,8,5),(153,14,0.63),(153,31,0.63),(154,3,0.25),(154,11,0.25),(154,43,3.13),(156,2,0.31),(156,8,6.56),(156,12,0.07),(156,13,0.31),(156,41,0.66),(157,2,0.25),(157,8,5.65),(157,9,0.06),(158,8,2.16),(158,11,0.63),(158,16,0.31),(158,27,0.19),(158,46,0.13),(159,2,0.75),(159,8,4.88),(160,8,4.38),(160,15,0.56),(160,20,0.25),(160,23,1.5),(160,28,0.25),(161,1,5.25),(161,60,0.88),(162,8,7.6),(162,9,1.75),(162,12,0.5),(162,27,0.5),(163,2,0.31),(163,3,0.31),(163,8,3.63),(164,43,3.81),(165,8,6.39),(166,2,1),(166,8,9.5),(166,9,0.75),(167,2,0.5),(167,20,0.19),(167,21,3.38),(168,2,0.25),(168,8,5.3),(168,13,0.19),(168,20,0.19),(168,23,0.13),(169,8,5.8),(171,8,8.13),(171,12,0.16),(171,13,0.48),(172,2,0.37),(172,20,0.19),(172,26,5.87),(173,4,4.1),(174,8,6.39),(175,2,0.86),(175,8,6.13),(176,3,1.79),(176,9,0.59),(176,16,1.19),(176,23,0.12),(176,25,8.32),(177,1,6.25),(177,18,0.25),(177,20,0.25),(178,9,0.75),(178,11,0.5),(178,13,0.5),(178,15,0.75),(178,19,0.75),(178,21,7.5),(178,23,0.5),(178,31,0.75),(179,2,0.32),(179,3,0.32),(179,8,4.75),(179,9,0.06),(180,2,0.63),(180,3,0.31),(180,5,0.31),(180,8,2),(180,12,0.081),(180,18,0.081),(180,41,0.081),(180,61,0.31),(181,11,0.38),(181,15,0.13),(181,43,1.69),(182,2,0.63),(182,8,6.4),(182,9,0.06),(183,2,3.13),(184,1,3.38),(184,2,0.25),(184,3,0.63),(185,8,5.73),(185,16,0.52),(185,18,0.52),(186,8,11.25),(186,9,1.75),(186,12,0.5),(186,27,0.5),(187,3,0.63),(187,11,0.63),(187,21,4.69),(187,31,0.31),(188,3,0.38),(188,8,3.38),(188,20,0.13),(188,31,0.25),(189,2,0.86),(189,3,0.5),(189,8,6.5),(189,9,0.86),(189,13,0.5),(189,15,2),(189,23,0.25),(190,2,1.25),(190,3,1.25),(190,16,0.625),(190,18,0.625),(190,23,0.3125),(190,26,8.75),(191,2,0.63),(191,8,5.75),(191,11,0.63),(192,8,3.81),(192,9,0.19),(192,14,0.13),(192,20,0.56),(192,31,0.5),(193,8,5.3),(194,8,1.88),(194,11,1.88),(195,2,0.46),(195,8,6.25),(195,20,0.25),(196,8,4.25),(196,58,0.63),(197,2,1.15),(197,8,7.5),(197,20,0.48),(197,49,0.77),(197,59,0.48),(198,2,0.88),(198,3,0.13),(198,8,3),(198,20,0.19),(199,3,0.5),(199,8,7.75),(199,11,0.5),(200,3,0.88),(200,8,2.63),(200,15,0.38),(200,20,0.38),(200,23,0.44),(200,36,0.31),(200,40,0.31),(201,2,0.06),(201,8,6.75),(201,9,0.06),(202,2,0.31),(202,3,0.31),(202,8,5),(202,9,0.06),(203,8,7.5),(203,9,0.88),(203,11,0.5),(203,13,0.63),(203,15,1.38),(203,23,0.63),(203,30,0.5),(203,31,0.75),(204,8,8.21),(204,17,0.09),(204,46,0.18),(204,56,0.09),(204,62,0.36),(204,63,0.18),(205,4,5),(205,15,0.63),(205,44,0.63),(206,1,6.57),(206,2,0.75),(206,20,0.32),(206,23,0.5),(207,2,0.5),(207,8,6),(207,11,0.5),(207,13,0.75),(207,20,0.63),(207,64,0.5),(208,1,6),(208,2,0.75),(208,20,0.25),(209,2,0.25),(209,8,5),(209,31,0.63),(210,8,2.5),(210,11,0.63),(210,15,0.63),(210,23,0.38),(210,27,0.38),(210,40,0.38),(211,8,4.38),(211,9,0.19),(211,11,0.31),(211,15,0.44),(211,19,0.31),(211,20,0.31),(211,23,0.19),(211,39,0.31),(212,2,1.12),(212,5,0.63),(212,12,0.38),(212,20,0.56),(212,26,4.15),(212,27,0.31),(213,21,4.38),(214,2,0.31),(214,3,0.31),(214,8,5),(214,9,0.06),(215,10,4.66),(216,8,3.8),(216,9,0.19),(216,15,0.25),(216,18,0.31),(216,27,0.31),(216,39,0.13),(217,9,0.5),(217,11,0.5),(217,12,1),(217,15,1),(217,21,6.88),(217,23,0.75),(218,9,0.13),(218,20,0.38),(218,21,5),(218,23,0.06),(218,31,0.5),(219,8,5.8),(220,8,7.3),(220,11,360),(220,28,535),(221,2,0.5),(221,21,2.3),(221,45,1.3),(222,11,1.6),(222,21,1.6),(223,9,0.75),(223,11,0.5),(223,13,0.5),(223,15,0.75),(223,19,0.75),(223,21,7.5),(223,23,0.5),(223,31,0.75),(224,2,0.12),(224,3,0.5),(224,21,1.2),(224,43,1.3),(225,15,1.2),(225,21,4.2),(225,65,0.2),(225,66,0.2),(226,2,0.35),(226,3,0.2),(226,9,0.35),(226,15,0.8),(226,21,2.6),(226,23,0.1),(226,59,0.2),(227,8,5.8),(228,2,0.3),(228,3,0.6),(228,9,0.3),(228,12,0.5),(228,15,0.6),(228,19,0.6),(228,21,2.2),(228,22,1.8),(228,39,0.1),(228,67,1),(229,3,0.8),(229,43,3),(230,8,5),(230,31,1),(231,8,5.8),(231,13,0.8),(232,2,0.5),(232,21,2.3),(232,45,1.3),(233,2,0.5),(233,21,2.3),(233,45,1.3),(234,2,0.5),(234,21,2.3),(234,45,1.3),(235,8,5.3),(235,68,0.5),(236,45,7),(237,9,0.35),(237,45,4),(238,3,0.75),(238,11,1),(238,15,0.2),(238,28,0.06),(238,43,1),(239,2,0.16),(239,3,0.63),(239,21,1.5),(239,43,1.63),(240,21,6.3),(240,38,1),(241,15,0.25),(241,31,0.25),(241,45,3),(242,2,0.7),(242,8,4.9),(243,3,0.5),(243,11,0.5),(243,16,0.5),(243,45,4),(243,63,0.5),(244,11,1.5),(244,45,1.5),(245,8,7.2),(245,15,1),(245,19,1),(245,69,1),(246,3,0.53),(246,9,0.27),(246,45,5),(247,8,2.6),(247,70,0.5),(247,71,0.15),(248,11,0.2),(248,12,0.35),(248,21,3.6),(248,44,0.2),(248,69,0.3),(249,2,0.2),(249,21,3),(250,8,5.8),(251,31,0.8),(251,45,4),(252,3,0.11),(252,11,0.17),(252,14,0.06),(252,21,2),(252,72,0.22),(253,21,1.72),(253,43,5.16),(254,3,0.6),(254,4,5.6),(254,9,0.2),(254,18,0.2),(254,19,0.2),(254,65,0.6),(255,3,0.5),(255,4,1.2),(255,18,0.1),(255,43,1.35),(256,11,1),(256,21,7.4),(257,11,0.5),(257,15,0.2),(257,21,3.3),(257,45,0.8),(258,11,0.4),(258,12,0.2),(258,15,1),(258,19,0.8),(258,21,7.8),(258,23,0.4),(258,73,0.4),(259,2,0.875),(259,3,0.5),(259,8,6.5),(259,9,0.875),(259,13,0.5),(259,15,2),(259,23,0.25),(260,4,3.8),(260,12,0.2),(260,19,0.5),(260,65,0.3),(260,71,0.3),(260,73,0.05),(261,4,3.4),(261,15,0.56),(261,36,0.39),(262,8,4.38),(262,9,0.25),(262,11,0.25),(262,15,0.62),(262,19,0.62),(262,23,0.19),(263,4,3.3),(263,11,0.5),(263,15,0.2),(263,45,0.8),(264,21,1.032),(264,43,3.096),(265,15,0.24),(265,21,3.24),(265,74,0.6),(266,11,0.54),(266,15,0.54),(266,21,4.86),(267,15,0.567),(267,44,0.567),(267,45,4.533),(268,13,0.12),(268,19,0.24),(268,21,8.16),(268,71,0.48),(268,75,0.96),(269,11,0.6),(269,15,0.24),(269,21,3.96),(269,45,0.96),(270,45,3.74),(270,73,0.091),(270,76,2.267),(271,11,0.8),(271,15,0.8),(271,21,5.3),(271,28,0.2),(272,15,0.567),(272,36,0.567),(272,45,4.533),(273,43,0.567),(273,45,1.7),(273,76,0.567),(273,77,1.133),(274,21,4.92),(274,45,0.72),(275,13,0.18),(275,21,4.08),(275,31,0.36),(275,78,0.18),(275,79,0.24),(276,14,0.283),(276,15,0.136),(276,31,0.136),(276,36,0.567),(276,43,3.627),(277,11,2.34),(277,21,3.6),(277,69,0.12),(278,11,0.3),(278,21,3.3),(278,80,0.24),(279,3,0.48),(279,8,9.6),(279,15,0.48),(279,18,0.24),(279,19,0.24),(279,69,0.24),(280,13,0.12),(280,21,3.42),(280,31,0.48),(280,71,0.18),(281,36,0.24),(281,38,0.84),(281,43,3.72),(281,76,0.48),(282,19,0.12),(282,21,8.16),(282,31,1.44),(283,14,0.287),(283,15,0.287),(283,31,0.136),(283,36,0.567),(283,43,3.627),(284,3,1.44),(284,15,0.72),(284,21,6.48),(284,69,0.72),(284,71,0.48),(284,79,0.72),(284,81,0.048),(285,2,0.12),(285,21,5.52),(286,2,0.12),(286,21,5.52),(287,2,0.12),(287,21,5.52),(288,2,0.12),(288,21,5.52),(289,2,0.12),(289,21,5.52),(290,2,0.12),(290,21,5.52),(291,2,0.12),(291,21,5.52),(292,2,0.12),(292,21,5.52),(293,2,0.12),(293,21,5.52),(294,2,1.2),(294,8,5.76),(294,12,1.08),(294,15,0.72),(294,18,0.24),(294,19,0.48),(294,44,0.48),(294,69,0.24),(294,73,0.48),(295,11,0.36),(295,15,0.6),(295,21,4.92),(296,3,0.738),(296,15,0.738),(296,19,0.554),(296,21,5.169),(296,23,0.369),(296,71,0.738),(296,79,0.369),(297,2,0.84),(297,21,4.32),(297,82,0.01),(297,83,0.01),(297,84,0.01),(298,11,0.6),(298,15,0.6),(298,21,4.8),(299,2,0.48),(299,8,7.44),(299,9,0.48),(299,12,0.72),(299,15,1.44),(299,27,0.72),(299,28,0.48),(300,15,0.113),(300,36,0.227),(300,45,0.227),(300,80,0.113),(301,2,0.3),(301,3,0.3),(301,11,0.3),(301,21,3.12),(302,43,3.36),(302,80,0.24),(303,11,0.6),(303,15,0.24),(303,21,3.96),(303,45,0.96),(304,11,0.6),(304,15,0.24),(304,21,3.96),(304,45,0.96),(305,2,0.72),(305,21,4.44),(306,21,5.28),(306,38,0.48),(306,71,0.12),(307,2,1.2),(307,11,0.72),(307,15,0.96),(307,21,8.4),(307,69,0.48),(307,73,0.36),(308,2,0.84),(308,13,0.18),(308,43,4.68),(308,73,0.3),(308,79,0.18),(309,15,0.462),(309,21,7.38),(309,85,1.2),(310,2,0.875),(310,3,0.5),(310,8,6.5),(310,9,0.875),(310,13,0.5),(310,15,2),(310,23,0.25),(311,2,0.432),(311,21,3.42),(311,71,0.09),(312,11,0.36),(312,21,4.38),(312,80,0.24),(313,9,0.75),(313,11,0.5),(313,13,0.5),(313,15,0.75),(313,19,0.75),(313,21,7.5),(313,23,0.5),(313,31,0.75),(314,3,0.96),(314,11,0.96),(314,12,1.68),(314,15,0.24),(314,19,0.6),(314,39,0.48),(314,43,5.88),(314,73,0.24),(314,81,0.048),(315,15,0.6),(315,21,3.96),(315,74,0.6),(316,13,0.18),(316,21,4.32),(316,69,0.42),(316,71,0.24),(316,79,0.3),(316,86,0.6),(317,14,0.06),(317,43,4.2),(317,80,0.06),(317,86,0.96),(318,2,0.48),(318,21,7.08),(318,71,0.12),(318,78,0.24),(318,83,0.02),(319,14,0.06),(319,43,3.6),(319,80,0.36),(319,87,0.24),(320,19,0.18),(320,43,3.48),(320,79,0.12),(320,86,0.96),(320,88,0.24),(321,11,0.36),(321,15,0.6),(321,21,4.8),(322,3,0.48),(322,21,3.12),(322,44,0.18),(323,3,0.36),(323,21,4.56),(323,44,0.24),(323,58,0.24),(324,3,0.6),(324,43,1.56),(324,58,0.18),(324,63,0.18),(324,87,1.56),(325,21,1.2),(325,43,3.36),(326,43,3.54),(326,80,0.24);
/*!40000 ALTER TABLE `malt_pairings` ENABLE KEYS */;
UNLOCK TABLES;

--
-- Table structure for table `malts`
--

DROP TABLE IF EXISTS `malts`;
/*!40101 SET @saved_cs_client     = @@character_set_client */;
/*!40101 SET character_set_client = utf8 */;
CREATE TABLE `malts` (
  `id` int(11) NOT NULL AUTO_INCREMENT,
  `name` varchar(50) COLLATE utf16_unicode_ci NOT NULL,
  PRIMARY KEY (`id`),
  UNIQUE KEY `unq_malts` (`name`)
) ENGINE=InnoDB AUTO_INCREMENT=89 DEFAULT CHARSET=utf16 COLLATE=utf16_unicode_ci;
/*!40101 SET character_set_client = @saved_cs_client */;

--
-- Dumping data for table `malts`
--

LOCK TABLES `malts` WRITE;
/*!40000 ALTER TABLE `malts` DISABLE KEYS */;
INSERT INTO `malts` VALUES (14,'Acidulated Malt'),(7,'Acidulated Malt for kettle souring'),(18,'Amber'),(82,'Bitter Orange'),(39,'Black Malt'),(42,'Black Patent'),(19,'Brown'),(68,'Cane Sugar'),(46,'CaraAroma'),(23,'Carafa Special Malt Type 1'),(59,'Carafa Special Malt Type 2'),(13,'Carafa Special Malt Type 3'),(63,'Carahell'),(2,'Caramalt'),(47,'Caramunich'),(80,'Carapils'),(58,'Carared'),(57,'Cascara'),(12,'Chocolate'),(79,'Chocolate Wheat'),(72,'Crisp Rye'),(16,'Crystal'),(29,'Crystal 120'),(20,'Crystal 150'),(9,'Dark Crystal'),(41,'Dark Crystal 350'),(24,'Dark Crystal 350-400'),(67,'Dark Muscavado (Wort Kettle)'),(44,'Dextrin Malt'),(38,'Dextrose'),(69,'Double Roasted Crystal'),(66,'DRC'),(73,'Extra Dark Crystal'),(8,'Extra Pale'),(26,'Extra Pale - Spring Blend'),(64,'Flaked Malted Oats'),(15,'Flaked Oats'),(50,'Ginger Root'),(75,'Golden Naked Oats'),(88,'Grano Dei Miracoli'),(84,'Grapefruit Peel'),(30,'Honey'),(55,'Lactose'),(10,'Lager Malt'),(78,'Light Crystal'),(45,'Maris Otter'),(1,'Maris Otter Extra Pale'),(71,'Medium Crystal'),(3,'Munich'),(86,'Munich Type 1 Light'),(81,'Oat Husks'),(52,'Organic Caramalt'),(54,'Organic Chocolate'),(51,'Organic Lager'),(53,'Organic Munich'),(21,'Pale Ale'),(25,'Pale Ale - Tipple'),(35,'Pale Chocolate'),(32,'Pale Crystal'),(61,'Pale Crystal 60'),(17,'Peated Malt'),(43,'Pilsner'),(62,'Pinhead Oats'),(34,'Popcorn'),(65,'Premium English Caramalt'),(4,'Propino Pale Malt'),(6,'Propino Pale Malt for kettle souring'),(27,'Roasted Barley'),(56,'Roasted Malt'),(31,'Rye'),(70,'Simpsons Rye'),(28,'Smoked Malt'),(37,'Smoked Peaty'),(49,'Smoked Warminster'),(22,'Smoked Weyermann'),(40,'Special W'),(77,'Spelt'),(83,'Sweet Orange Peel'),(36,'Torrified Wheat'),(74,'Uncrushed Wheat'),(87,'Vienna'),(33,'Weyermann Beech Smoked'),(48,'Weyermann Smoked'),(85,'Weyermann Special III'),(11,'Wheat'),(5,'Wheat Malt'),(60,'White Cane Sugar'),(76,'White Wheat');
/*!40000 ALTER TABLE `malts` ENABLE KEYS */;
UNLOCK TABLES;

--
-- Table structure for table `mash_sequences`
--

DROP TABLE IF EXISTS `mash_sequences`;
/*!40101 SET @saved_cs_client     = @@character_set_client */;
/*!40101 SET character_set_client = utf8 */;
CREATE TABLE `mash_sequences` (
  `id_mash` int(11) NOT NULL,
  `id_beer` int(11) NOT NULL,
  PRIMARY KEY (`id_mash`,`id_beer`),
  KEY `mash_sequences_id_beer_index` (`id_beer`),
  KEY `mash_sequences_id_mash_index` (`id_mash`),
  CONSTRAINT `mash_pairings_beer_fk` FOREIGN KEY (`id_beer`) REFERENCES `beers` (`id`) ON DELETE NO ACTION ON UPDATE NO ACTION,
  CONSTRAINT `mash_pairings_mash_fk` FOREIGN KEY (`id_mash`) REFERENCES `mash_subsequences` (`id`) ON DELETE NO ACTION ON UPDATE NO ACTION
) ENGINE=InnoDB DEFAULT CHARSET=utf16 COLLATE=utf16_unicode_ci;
/*!40101 SET character_set_client = @saved_cs_client */;

--
-- Dumping data for table `mash_sequences`
--

LOCK TABLES `mash_sequences` WRITE;
/*!40000 ALTER TABLE `mash_sequences` DISABLE KEYS */;
INSERT INTO `mash_sequences` VALUES (1,1),(2,2),(3,3),(4,3),(5,3),(6,3),(7,4),(8,5),(9,6),(10,7),(11,8),(12,9),(13,10),(14,11),(15,12),(16,13),(17,14),(18,15),(19,16),(20,17),(21,18),(22,19),(23,20),(24,21),(25,22),(26,23),(27,24),(28,25),(29,26),(30,27),(31,28),(32,29),(33,30),(34,31),(35,32),(36,33),(37,34),(38,35),(39,35),(40,35),(41,35),(42,36),(43,37),(44,38),(45,39),(46,40),(47,41),(48,42),(49,43),(50,44),(51,45),(52,46),(53,47),(54,48),(55,49),(56,50),(57,51),(58,52),(59,53),(60,54),(61,55),(62,56),(63,57),(64,58),(65,59),(66,60),(67,61),(68,62),(69,63),(70,64),(71,65),(72,66),(73,67),(74,68),(75,69),(76,70),(77,71),(78,72),(79,72),(80,72),(81,72),(82,73),(83,74),(84,75),(85,76),(86,77),(87,78),(88,79),(89,80),(90,81),(91,82),(92,83),(93,84),(94,84),(95,84),(96,84),(97,85),(98,86),(99,87),(100,88),(101,89),(102,90),(103,91),(104,92),(105,93),(106,93),(107,93),(108,93),(109,94),(110,95),(111,96),(112,97),(113,98),(114,99),(115,100),(116,101),(117,102),(118,102),(119,102),(120,102),(121,103),(122,104),(123,105),(124,106),(125,107),(126,108),(127,109),(128,110),(129,110),(130,110),(131,110),(132,111),(133,112),(134,113),(135,114),(136,115),(137,115),(138,115),(139,115),(140,116),(141,116),(142,116),(143,116),(144,117),(145,118),(146,119),(147,120),(148,121),(149,122),(150,123),(151,124),(152,125),(153,126),(154,127),(155,128),(156,129),(157,130),(158,130),(159,130),(160,130),(161,131),(162,132),(163,133),(164,134),(165,135),(166,136),(167,137),(168,138),(169,139),(170,140),(171,141),(172,142),(173,142),(174,142),(175,142),(176,143),(177,144),(178,145),(179,145),(180,145),(181,145),(182,146),(183,147),(184,148),(185,149),(186,150),(187,151),(188,151),(189,151),(190,151),(191,152),(192,153),(193,153),(194,153),(195,153),(196,154),(198,156),(199,157),(200,158),(201,159),(202,160),(203,161),(204,162),(205,163),(206,164),(207,165),(208,166),(209,167),(210,168),(211,169),(212,170),(213,171),(214,172),(215,173),(216,173),(217,173),(218,173),(219,174),(220,175),(221,176),(222,177),(223,178),(224,179),(225,180),(226,181),(227,182),(228,183),(229,184),(230,185),(231,186),(232,187),(233,188),(234,189),(235,190),(236,191),(237,192),(238,193),(239,194),(240,195),(241,196),(242,197),(243,198),(244,199),(245,200),(246,201),(247,202),(248,203),(249,204),(250,205),(251,205),(252,205),(253,205),(254,206),(255,207),(256,208),(257,209),(258,209),(259,209),(260,209),(261,210),(262,211),(263,212),(264,213),(265,214),(266,215),(267,216),(268,217),(269,218),(270,219),(271,220),(272,221),(273,222),(274,222),(275,222),(276,223),(277,224),(278,225),(279,226),(280,227),(281,228),(282,229),(283,230),(284,231),(285,232),(286,233),(287,234),(288,235),(289,236),(290,236),(291,236),(292,236),(293,237),(294,237),(295,237),(296,237),(297,238),(298,238),(299,238),(300,238),(301,239),(302,240),(303,241),(304,241),(305,241),(306,241),(307,242),(308,243),(309,244),(310,244),(311,244),(312,244),(313,245),(314,246),(315,247),(316,248),(317,249),(318,250),(319,251),(320,251),(321,251),(322,251),(323,252),(324,253),(325,254),(326,255),(327,256),(328,257),(329,258),(330,259),(331,260),(332,261),(333,262),(334,263),(335,264),(336,265),(337,266),(338,267),(339,268),(340,269),(341,270),(342,271),(343,272),(344,273),(345,274),(346,275),(347,276),(348,277),(349,278),(350,279),(351,280),(352,281),(353,282),(354,283),(355,284),(356,285),(357,286),(358,287),(359,288),(360,289),(361,290),(362,291),(363,292),(364,293),(365,294),(366,295),(367,296),(368,297),(369,298),(370,299),(371,300),(372,301),(373,302),(374,303),(375,304),(376,305),(377,306),(378,307),(379,308),(380,309),(381,310),(382,311),(383,312),(384,313),(385,314),(386,315),(387,316),(388,317),(389,318),(390,319),(391,320),(392,321),(393,322),(394,323),(395,324),(396,325),(397,326);
/*!40000 ALTER TABLE `mash_sequences` ENABLE KEYS */;
UNLOCK TABLES;

--
-- Table structure for table `mash_subsequences`
--

DROP TABLE IF EXISTS `mash_subsequences`;
/*!40101 SET @saved_cs_client     = @@character_set_client */;
/*!40101 SET character_set_client = utf8 */;
CREATE TABLE `mash_subsequences` (
  `id` int(11) NOT NULL AUTO_INCREMENT,
  `temperature` float DEFAULT NULL,
  `duration` int(11) DEFAULT NULL,
  PRIMARY KEY (`id`)
) ENGINE=InnoDB AUTO_INCREMENT=398 DEFAULT CHARSET=utf16 COLLATE=utf16_unicode_ci;
/*!40101 SET character_set_client = @saved_cs_client */;

--
-- Dumping data for table `mash_subsequences`
--

LOCK TABLES `mash_subsequences` WRITE;
/*!40000 ALTER TABLE `mash_subsequences` DISABLE KEYS */;
INSERT INTO `mash_subsequences` VALUES (1,64,75),(2,69,NULL),(3,60,10),(4,65,30),(5,72,10),(6,78,5),(7,65,NULL),(8,66,70),(9,65,75),(10,69,105),(11,65,75),(12,65,105),(13,65,75),(14,67,75),(15,65,NULL),(16,68,50),(17,65,25),(18,65,40),(19,68,35),(20,65,90),(21,65,75),(22,66,90),(23,64,60),(24,65,75),(25,65,90),(26,65,75),(27,65,75),(28,67,75),(29,65,75),(30,65,90),(31,68,NULL),(32,65,75),(33,65,75),(34,65,30),(35,65,90),(36,65,NULL),(37,65,90),(38,60,10),(39,65,30),(40,72,10),(41,78,5),(42,65,75),(43,65,75),(44,65,NULL),(45,65,NULL),(46,65,NULL),(47,65,75),(48,65,75),(49,64,90),(50,64,90),(51,65,75),(52,65,75),(53,68,75),(54,65,75),(55,65,120),(56,65,75),(57,63,NULL),(58,65,90),(59,66,75),(60,65,NULL),(61,65,NULL),(62,65,50),(63,65,90),(64,64,90),(65,65,75),(66,65,75),(67,65,75),(68,65,NULL),(69,65,75),(70,65,NULL),(71,65,75),(72,65,NULL),(73,63,75),(74,65,75),(75,65,75),(76,65,55),(77,65,75),(78,60,10),(79,65,30),(80,72,10),(81,78,5),(82,65,50),(83,66,90),(84,68,30),(85,65,90),(86,65,75),(87,69,45),(88,68,NULL),(89,63,90),(90,65,75),(91,65,NULL),(92,65,NULL),(93,60,10),(94,65,30),(95,72,10),(96,78,5),(97,66,75),(98,64,75),(99,65,NULL),(100,65,NULL),(101,65,NULL),(102,65,75),(103,62,75),(104,65,90),(105,60,10),(106,65,30),(107,72,10),(108,78,5),(109,65,75),(110,65,75),(111,65,105),(112,65,90),(113,65,NULL),(114,65,75),(115,65,75),(116,65,75),(117,60,10),(118,65,30),(119,72,10),(120,78,5),(121,65,90),(122,65,NULL),(123,64,90),(124,66,75),(125,65,NULL),(126,65,NULL),(127,65,75),(128,60,10),(129,65,30),(130,72,10),(131,78,5),(132,65,75),(133,65,75),(134,65,NULL),(135,65,75),(136,60,10),(137,65,30),(138,72,10),(139,78,5),(140,60,10),(141,65,30),(142,72,10),(143,78,5),(144,65,75),(145,65,75),(146,65,NULL),(147,69,45),(148,65,75),(149,65,50),(150,65,NULL),(151,65,75),(152,64,75),(153,65,75),(154,68,NULL),(155,67,30),(156,65,NULL),(157,60,10),(158,65,30),(159,72,10),(160,78,5),(161,68,NULL),(162,62,75),(163,65,75),(164,65,NULL),(165,65,NULL),(166,65,75),(167,65,75),(168,65,90),(169,65,NULL),(170,65,75),(171,65,NULL),(172,60,10),(173,65,30),(174,72,10),(175,78,5),(176,65,NULL),(177,65,NULL),(178,60,10),(179,65,30),(180,72,10),(181,78,5),(182,65,NULL),(183,65,75),(184,65,NULL),(185,65,90),(186,65,NULL),(187,60,10),(188,65,30),(189,72,10),(190,78,5),(191,65,90),(192,60,10),(193,65,30),(194,72,10),(195,78,5),(196,65,NULL),(198,64,90),(199,65,NULL),(200,65,75),(201,65,NULL),(202,65,120),(203,63,90),(204,65,NULL),(205,65,75),(206,65,75),(207,65,75),(208,65,90),(209,65,75),(210,65,75),(211,65,75),(212,NULL,NULL),(213,65,175),(214,68,NULL),(215,60,10),(216,65,30),(217,72,10),(218,78,5),(219,65,75),(220,65,75),(221,65,50),(222,65,NULL),(223,63,90),(224,65,NULL),(225,65,75),(226,65,NULL),(227,65,75),(228,65,30),(229,70,NULL),(230,65,75),(231,65,NULL),(232,65,75),(233,65,75),(234,65,90),(235,68,40),(236,65,75),(237,65,75),(238,65,75),(239,65,60),(240,63,90),(241,65,NULL),(242,67,90),(243,65,75),(244,63,90),(245,65,NULL),(246,65,85),(247,65,75),(248,65,NULL),(249,65,NULL),(250,60,10),(251,65,30),(252,72,10),(253,78,5),(254,66,90),(255,65,90),(256,69,NULL),(257,60,10),(258,65,30),(259,72,10),(260,78,5),(261,65,75),(262,64,75),(263,68,90),(264,65,NULL),(265,65,75),(266,65,75),(267,65,75),(268,65,NULL),(269,65,NULL),(270,65,75),(271,65,75),(272,65,75),(273,49,30),(274,59,20),(275,72,15),(276,63,90),(277,65,75),(278,65,75),(279,65,75),(280,65,75),(281,65,75),(282,65,75),(283,65,75),(284,65,75),(285,65,75),(286,65,75),(287,65,75),(288,65,75),(289,60,30),(290,65,20),(291,72,15),(292,78,10),(293,60,30),(294,65,20),(295,72,15),(296,78,10),(297,60,30),(298,65,20),(299,72,15),(300,78,10),(301,65,75),(302,65,75),(303,60,30),(304,65,20),(305,72,15),(306,78,10),(307,65,75),(308,65,75),(309,60,30),(310,65,20),(311,72,15),(312,78,10),(313,65,75),(314,65,75),(315,65,75),(316,65,75),(317,65,75),(318,65,75),(319,60,30),(320,65,20),(321,72,15),(322,78,10),(323,65,75),(324,65,75),(325,54,75),(326,56,75),(327,65,75),(328,65,75),(329,65,75),(330,65,75),(331,65,75),(332,68,75),(333,65,75),(334,68,75),(335,64,35),(336,64,30),(337,66,40),(338,65,90),(339,65,75),(340,66,25),(341,65,90),(342,66,30),(343,65,90),(344,65,90),(345,66,65),(346,66,75),(347,60,80),(348,65,30),(349,67,60),(350,65,75),(351,65,30),(352,65,60),(353,65,60),(354,60,60),(355,66,75),(356,66,65),(357,66,65),(358,66,65),(359,66,65),(360,66,65),(361,66,65),(362,66,65),(363,66,65),(364,66,65),(365,65,75),(366,66,20),(367,64,30),(368,65,20),(369,64,36),(370,65,90),(371,60,80),(372,64,75),(373,65,50),(374,66,25),(375,66,25),(376,65,40),(377,66,60),(378,65,100),(379,64,60),(380,64,40),(381,65,75),(382,66,45),(383,64,55),(384,63,90),(385,64,135),(386,63,35),(387,66,45),(388,64,60),(389,65,35),(390,64,35),(391,63,60),(392,66,20),(393,63,35),(394,65,55),(395,67,70),(396,65,45),(397,50,50);
/*!40000 ALTER TABLE `mash_subsequences` ENABLE KEYS */;
UNLOCK TABLES;

--
-- Table structure for table `yeasts`
--

DROP TABLE IF EXISTS `yeasts`;
/*!40101 SET @saved_cs_client     = @@character_set_client */;
/*!40101 SET character_set_client = utf8 */;
CREATE TABLE `yeasts` (
  `id` int(11) NOT NULL AUTO_INCREMENT,
  `name` varchar(100) COLLATE utf16_unicode_ci NOT NULL,
  PRIMARY KEY (`id`),
  UNIQUE KEY `unq_yeasts_name` (`name`)
) ENGINE=InnoDB AUTO_INCREMENT=26 DEFAULT CHARSET=utf16 COLLATE=utf16_unicode_ci;
/*!40101 SET character_set_client = @saved_cs_client */;

--
-- Dumping data for table `yeasts`
--

LOCK TABLES `yeasts` WRITE;
/*!40000 ALTER TABLE `yeasts` DISABLE KEYS */;
INSERT INTO `yeasts` VALUES (15,'Champagne'),(13,'Safale US-05'),(5,'Saflager S189'),(25,'Saflager W-34/70'),(19,'Westvleteren 12 (recovered from a bottle)'),(24,'WLP013 - London Ale'),(11,'WLP099 - Super High Gravity Ale'),(14,'WLP351 - Bavarian Weizen'),(22,'WLP4000 - Vermont Ale'),(9,'WLP500 - Monastery Ale'),(10,'Wyeast 1010 - American Wheat™'),(1,'Wyeast 1056 - American Ale™'),(16,'Wyeast 1056 - American Ale™ & Wyeast 1272 - American Ale II™'),(6,'Wyeast 1272 - American Ale II™'),(20,'Wyeast 1388 - Belgian Strong Ale™'),(2,'Wyeast 2007 - Pilsen Lager™'),(21,'Wyeast 2124 - Bohemian Lager™'),(23,'Wyeast 2126 - Bohemian Lager™'),(7,'Wyeast 3333 - German Wheat™'),(4,'Wyeast 3522 - Belgian Ardennes™'),(8,'Wyeast 3638 - Bavarian Wheat™'),(3,'Wyeast 3711 - French Saison™'),(18,'Wyeast 3724 - Belgian Saison™'),(12,'Wyeast 3787 - Trappist High Gravity™'),(17,'Wyeast 3944 - Belgian Witbier™');
/*!40000 ALTER TABLE `yeasts` ENABLE KEYS */;
UNLOCK TABLES;

--
-- Dumping routines for database 'brewer'
--
/*!40103 SET TIME_ZONE=@OLD_TIME_ZONE */;

/*!40101 SET SQL_MODE=@OLD_SQL_MODE */;
/*!40014 SET FOREIGN_KEY_CHECKS=@OLD_FOREIGN_KEY_CHECKS */;
/*!40014 SET UNIQUE_CHECKS=@OLD_UNIQUE_CHECKS */;
/*!40101 SET CHARACTER_SET_CLIENT=@OLD_CHARACTER_SET_CLIENT */;
/*!40101 SET CHARACTER_SET_RESULTS=@OLD_CHARACTER_SET_RESULTS */;
/*!40101 SET COLLATION_CONNECTION=@OLD_COLLATION_CONNECTION */;
/*!40111 SET SQL_NOTES=@OLD_SQL_NOTES */;

-- Dump completed on 2022-07-12 10:01:51
